學校代碼,學校名稱,日間∕進修別,等級別,總計,男生計,女生計,一年級男生,一年級女生,二年級男生,二年級女生,三年級男生,三年級女生,四年級男生,四年級女生,五年級男生,五年級女生,六年級男生,六年級女生,七年級男生,七年級女生,延修生男生,延修生女生,縣市名稱,體系別
0001,國立政治大學,D 日,D 博士,949,526,423,87,58,89,80,81,69,76,78,72,42,52,41,69,55,-,-,30 臺北市,1 一般
0001,國立政治大學,D 日,M 碩士,"4,004","1,832","2,172",615,756,619,691,344,436,254,289,-,-,-,-,-,-,-,-,30 臺北市,1 一般
0001,國立政治大學,D 日,B 學士,"9,632","4,019","5,613",962,"1,257",916,"1,316",905,"1,325",883,"1,334",-,-,-,-,-,-,353,381,30 臺北市,1 一般
0001,國立政治大學,N 職,M 碩士,"1,766",905,861,295,269,263,248,173,165,102,118,72,61,-,-,-,-,-,-,30 臺北市,1 一般
0002,國立清華大學,D 日,D 博士,"1,615","1,170",445,211,91,215,82,186,86,145,57,140,48,106,31,167,50,-,-,18 新竹市,1 一般
0002,國立清華大學,D 日,M 碩士,"5,358","3,295","2,063","1,385",791,"1,204",713,518,309,183,216,4,19,1,15,-,-,-,-,18 新竹市,1 一般
0002,國立清華大學,D 日,B 學士,"8,625","4,694","3,931","1,180","1,018","1,113",946,"1,094",873,"1,041",926,-,-,-,-,-,-,266,168,18 新竹市,1 一般
0002,國立清華大學,D 日,X 4+X,3,2,1,1,-,1,1,-,-,-,-,-,-,-,-,-,-,-,-,18 新竹市,1 一般
0002,國立清華大學,N 職,M 碩士,"1,316",447,869,166,281,173,256,45,118,20,84,22,53,8,32,13,45,-,-,18 新竹市,1 一般
0003,國立臺灣大學,D 日,D 博士,"3,545","2,471","1,074",493,220,433,174,331,165,335,157,312,119,229,103,338,136,-,-,30 臺北市,1 一般
0003,國立臺灣大學,D 日,M 碩士,"10,551","6,301","4,250","2,547","1,626","2,333","1,551",915,651,506,422,-,-,-,-,-,-,-,-,30 臺北市,1 一般
0003,國立臺灣大學,D 日,B 學士,"16,756","9,444","7,312","2,086","1,672","2,162","1,697","2,092","1,543","2,042","1,638",205,127,142,70,-,-,715,565,30 臺北市,1 一般
0003,國立臺灣大學,N 職,M 碩士,"1,675","1,037",638,351,233,342,243,194,101,62,25,45,14,43,22,-,-,-,-,30 臺北市,1 一般
0004,國立臺灣師範大學,D 日,D 博士,"1,363",641,722,102,138,95,110,85,107,115,111,88,102,75,88,81,66,-,-,30 臺北市,3 師範
0004,國立臺灣師範大學,D 日,M 碩士,"4,255","1,847","2,408",661,794,625,764,339,489,222,361,-,-,-,-,-,-,-,-,30 臺北市,3 師範
0004,國立臺灣師範大學,D 日,B 學士,"8,173","3,625","4,548",890,"1,127",861,"1,071",811,"1,060",784,"1,024",-,-,-,-,-,-,279,266,30 臺北市,3 師範
0004,國立臺灣師範大學,N 職,M 碩士,"2,129",632,"1,497",210,469,176,430,113,295,65,147,41,99,27,57,-,-,-,-,30 臺北市,3 師範
0005,國立成功大學,D 日,D 博士,"1,818","1,235",583,254,125,242,118,199,93,170,78,146,70,122,50,102,49,-,-,21 臺南市,1 一般
0005,國立成功大學,D 日,M 碩士,"7,015","4,417","2,598","1,982","1,133","1,785","1,005",476,327,172,130,2,3,-,-,-,-,-,-,21 臺南市,1 一般
0005,國立成功大學,D 日,B 學士,"11,441","7,079","4,362","1,704","1,037","1,684","1,043","1,611",988,"1,556","1,011",99,60,58,30,1,-,366,193,21 臺南市,1 一般
0005,國立成功大學,N 職,M 碩士,"1,499",933,566,305,190,289,185,199,106,77,55,62,30,1,-,-,-,-,-,21 臺南市,1 一般
0006,國立中興大學,D 日,D 博士,935,657,278,101,35,112,53,105,55,93,37,81,36,64,25,101,37,-,-,19 臺中市,1 一般
0006,國立中興大學,D 日,M 碩士,"3,453","2,018","1,435",828,573,833,584,244,193,109,85,4,-,-,-,-,-,-,-,19 臺中市,1 一般
0006,國立中興大學,D 日,B 學士,"7,990","4,565","3,425","1,099",795,"1,056",825,"1,094",826,"1,079",823,43,41,-,-,-,-,194,115,19 臺中市,1 一般
0006,國立中興大學,N 職,M 碩士,"1,663","1,073",590,348,254,349,192,173,74,113,39,90,31,-,-,-,-,-,-,19 臺中市,1 一般
0006,國立中興大學,P 進,B 學士,933,413,520,112,123,103,106,76,118,67,111,44,53,-,-,-,-,11,9,19 臺中市,1 一般
0007,國立交通大學,D 日,D 博士,"1,722","1,332",390,239,79,248,88,229,70,195,55,155,33,114,35,152,30,-,-,18 新竹市,1 一般
0007,國立交通大學,D 日,M 碩士,"5,955","4,074","1,881","1,584",713,"1,422",686,855,357,211,122,2,3,-,-,-,-,-,-,18 新竹市,1 一般
0007,國立交通大學,D 日,B 學士,"5,905","4,036","1,869","1,040",490,"1,062",515,885,413,859,401,-,-,-,-,-,-,190,50,18 新竹市,1 一般
0007,國立交通大學,N 職,M 碩士,"1,600","1,077",523,362,191,333,207,183,65,116,33,83,27,-,-,-,-,-,-,18 新竹市,1 一般
0008,國立中央大學,D 日,D 博士,"1,031",729,302,136,57,129,52,126,50,105,49,87,42,65,28,81,24,-,-,03 桃園市,1 一般
0008,國立中央大學,D 日,M 碩士,"3,516","2,331","1,185","1,000",497,935,483,288,139,108,65,-,1,-,-,-,-,-,-,03 桃園市,1 一般
0008,國立中央大學,D 日,B 學士,"6,016","3,748","2,268",916,601,890,535,887,543,896,522,-,-,-,-,-,-,159,67,03 桃園市,1 一般
0008,國立中央大學,N 職,M 碩士,"1,375",853,522,331,212,290,214,125,43,61,30,46,23,-,-,-,-,-,-,03 桃園市,1 一般
0009,國立中山大學,D 日,D 博士,811,540,271,123,73,101,42,86,44,77,36,73,30,39,24,41,22,-,-,50 高雄市,1 一般
0009,國立中山大學,D 日,M 碩士,"2,997","1,902","1,095",778,460,723,403,282,133,119,99,-,-,-,-,-,-,-,-,50 高雄市,1 一般
0009,國立中山大學,D 日,B 學士,"4,793","2,937","1,856",719,443,640,452,689,421,712,431,-,-,-,-,-,-,177,109,50 高雄市,1 一般
0009,國立中山大學,N 職,M 碩士,"1,105",549,556,206,205,207,177,73,87,40,47,14,23,9,17,-,-,-,-,50 高雄市,1 一般
0012,國立臺灣海洋大學,D 日,D 博士,333,246,87,44,12,43,22,44,17,33,15,25,3,21,7,36,11,-,-,17 基隆市,1 一般
0012,國立臺灣海洋大學,D 日,M 碩士,"1,445",944,501,419,199,361,197,109,59,34,26,14,10,6,7,1,3,-,-,17 基隆市,1 一般
0012,國立臺灣海洋大學,D 日,B 學士,"5,929","4,072","1,857","1,010",466,963,455,949,472,926,433,-,-,-,-,-,-,224,31,17 基隆市,1 一般
0012,國立臺灣海洋大學,N 職,M 碩士,595,368,227,137,79,129,88,40,35,28,10,24,6,5,1,5,8,-,-,17 基隆市,1 一般
0012,國立臺灣海洋大學,N 修,X 4+X,45,37,8,-,-,36,8,-,-,-,-,-,-,-,-,-,-,1,-,17 基隆市,1 一般
0012,國立臺灣海洋大學,P 進,B 學士,558,342,216,129,63,97,49,52,53,31,38,-,-,-,-,-,-,33,13,17 基隆市,1 一般
0013,國立中正大學,D 日,D 博士,574,376,198,52,30,63,36,56,27,55,33,53,23,41,28,56,21,-,-,10 嘉義縣,1 一般
0013,國立中正大學,D 日,M 碩士,"2,831","1,759","1,072",707,402,677,352,250,187,125,128,-,3,-,-,-,-,-,-,10 嘉義縣,1 一般
0013,國立中正大學,D 日,B 學士,"6,311","3,429","2,882",856,698,832,691,800,734,805,706,-,-,-,-,-,-,136,53,10 嘉義縣,1 一般
0013,國立中正大學,N 職,M 碩士,"1,412",621,791,215,290,192,273,98,116,70,64,46,48,-,-,-,-,-,-,10 嘉義縣,1 一般
0014,國立高雄師範大學,D 日,D 博士,463,223,240,34,41,29,38,34,32,36,33,37,34,24,26,29,36,-,-,50 高雄市,3 師範
0014,國立高雄師範大學,D 日,M 碩士,"1,409",489,920,150,283,148,246,99,199,73,152,16,21,1,13,2,6,-,-,50 高雄市,3 師範
0014,國立高雄師範大學,D 日,B 學士,"3,659","1,750","1,909",431,510,452,445,439,445,370,449,-,-,-,-,-,-,58,60,50 高雄市,3 師範
0014,國立高雄師範大學,N 職,M 碩士,"1,314",468,846,199,289,130,267,60,123,39,65,19,52,21,50,-,-,-,-,50 高雄市,3 師範
0015,國立彰化師範大學,D 日,D 博士,495,300,195,58,28,44,34,48,29,49,38,41,25,33,18,27,23,-,-,07 彰化縣,3 師範
0015,國立彰化師範大學,D 日,M 碩士,"1,648",849,799,330,287,276,239,151,169,90,96,1,5,1,3,-,-,-,-,07 彰化縣,3 師範
0015,國立彰化師範大學,D 日,B 學士,"4,898","2,615","2,283",653,544,612,545,612,563,604,560,-,-,-,-,-,-,134,71,07 彰化縣,3 師範
0015,國立彰化師範大學,N 職,M 碩士,"1,412",603,809,215,241,193,244,77,119,41,99,41,59,36,47,-,-,-,-,07 彰化縣,3 師範
0016,國立陽明大學,D 日,D 博士,907,515,392,93,94,90,75,90,57,71,48,74,37,52,34,45,47,-,-,30 臺北市,1 一般
0016,國立陽明大學,D 日,M 碩士,"1,364",525,839,231,378,190,325,76,94,26,39,2,3,-,-,-,-,-,-,30 臺北市,1 一般
0016,國立陽明大學,D 日,B 學士,"2,108","1,143",965,219,202,197,224,224,182,210,182,163,97,114,66,1,-,15,12,30 臺北市,1 一般
0016,國立陽明大學,N 職,M 碩士,155,50,105,16,43,15,33,9,13,7,11,3,5,-,-,-,-,-,-,30 臺北市,1 一般
0017,國立臺北大學,D 日,D 博士,210,139,71,28,17,27,12,18,10,14,11,24,9,13,7,15,5,-,-,01 新北市,1 一般
0017,國立臺北大學,D 日,M 碩士,"1,393",734,659,273,239,261,222,114,108,79,82,7,8,-,-,-,-,-,-,01 新北市,1 一般
0017,國立臺北大學,D 日,B 學士,"5,812","2,628","3,184",669,770,620,767,598,771,626,764,-,-,-,-,-,-,115,112,01 新北市,1 一般
0017,國立臺北大學,N 職,M 碩士,583,280,303,107,124,109,100,32,50,19,21,13,8,-,-,-,-,-,-,01 新北市,1 一般
0017,國立臺北大學,P 進,B 學士,"2,082",810,"1,272",257,341,188,300,158,288,149,256,2,1,-,-,-,-,56,86,01 新北市,1 一般
0018,國立嘉義大學,D 日,D 博士,197,112,85,17,17,19,16,18,9,18,9,14,8,9,10,17,16,-,-,20 嘉義市,1 一般
0018,國立嘉義大學,D 日,M 碩士,"1,292",619,673,238,238,188,223,117,123,76,89,-,-,-,-,-,-,-,-,20 嘉義市,1 一般
0018,國立嘉義大學,D 日,B 學士,"7,374","3,780","3,594",957,860,890,897,886,864,871,875,21,33,-,-,-,-,155,65,20 嘉義市,1 一般
0018,國立嘉義大學,N 職,M 碩士,886,338,548,124,199,110,174,58,74,46,101,-,-,-,-,-,-,-,-,20 嘉義市,1 一般
0018,國立嘉義大學,P 進,B 學士,"1,940","1,220",720,301,180,302,177,250,160,274,169,-,-,-,-,-,-,93,34,20 嘉義市,1 一般
0019,國立高雄大學,D 日,D 博士,32,28,4,4,2,5,1,7,1,3,-,5,-,3,-,1,-,-,-,50 高雄市,1 一般
0019,國立高雄大學,D 日,M 碩士,646,424,222,178,80,140,80,63,40,43,22,-,-,-,-,-,-,-,-,50 高雄市,1 一般
0019,國立高雄大學,D 日,B 學士,"4,388","2,526","1,862",629,466,620,444,636,469,523,425,-,-,-,-,-,-,118,58,50 高雄市,1 一般
0019,國立高雄大學,N 職,M 碩士,515,314,201,98,60,82,79,58,24,38,23,21,9,17,6,-,-,-,-,50 高雄市,1 一般
0019,國立高雄大學,N 修,C 二技,160,98,62,-,-,-,-,40,25,27,17,-,-,-,-,-,-,31,20,50 高雄市,2 技職
0020,國立東華大學,D 日,D 博士,420,242,178,39,39,43,34,47,28,29,24,25,19,22,13,37,21,-,-,15 花蓮縣,1 一般
0020,國立東華大學,D 日,M 碩士,"1,379",693,686,247,216,217,196,107,138,104,105,9,17,9,14,-,-,-,-,15 花蓮縣,1 一般
0020,國立東華大學,D 日,B 學士,"7,660","3,612","4,048",895,"1,027",864,978,784,957,810,903,-,-,-,-,-,-,259,183,15 花蓮縣,1 一般
0020,國立東華大學,N 職,M 碩士,549,238,311,78,102,66,68,41,68,31,36,11,21,9,10,2,6,-,-,15 花蓮縣,1 一般
0021,國立暨南國際大學,D 日,D 博士,323,170,153,32,24,29,25,20,23,27,23,26,18,13,17,23,23,-,-,08 南投縣,1 一般
0021,國立暨南國際大學,D 日,M 碩士,789,375,414,121,128,136,118,65,81,48,73,1,8,4,6,-,-,-,-,08 南投縣,1 一般
0021,國立暨南國際大學,D 日,B 學士,"4,442","2,058","2,384",538,563,470,534,444,614,489,580,-,-,-,-,-,-,117,93,08 南投縣,1 一般
0021,國立暨南國際大學,N 職,M 碩士,462,173,289,69,121,45,79,21,35,18,20,14,21,6,13,-,-,-,-,08 南投縣,1 一般
0022,國立臺灣科技大學,D 日,D 博士,"1,033",795,238,184,62,183,64,137,44,110,27,78,18,49,9,54,14,-,-,30 臺北市,2 技職
0022,國立臺灣科技大學,D 日,M 碩士,"3,600","2,495","1,105","1,166",509,"1,058",474,206,93,64,29,1,-,-,-,-,-,-,-,30 臺北市,2 技職
0022,國立臺灣科技大學,D 日,B 四技,"5,611","3,945","1,666",982,426,927,414,909,378,919,392,-,-,-,-,-,-,208,56,30 臺北市,2 技職
0022,國立臺灣科技大學,D 日,C 二技,115,46,69,-,-,-,-,5,22,31,38,-,-,-,-,-,-,10,9,30 臺北市,2 技職
0022,國立臺灣科技大學,N 職,M 碩士,812,506,306,199,129,205,131,56,33,41,11,2,2,3,-,-,-,-,-,30 臺北市,2 技職
0023,國立雲林科技大學,D 日,D 博士,432,269,163,63,42,46,22,46,28,36,23,33,19,28,17,17,12,-,-,09 雲林縣,2 技職
0023,國立雲林科技大學,D 日,M 碩士,"1,930","1,194",736,498,319,500,271,142,105,54,41,-,-,-,-,-,-,-,-,09 雲林縣,2 技職
0023,國立雲林科技大學,D 日,B 四技,"6,253","3,796","2,457","1,009",560,920,612,865,614,844,612,-,-,-,-,-,-,158,59,09 雲林縣,2 技職
0023,國立雲林科技大學,D 日,C 二技,207,85,122,-,-,-,-,40,53,36,60,-,-,-,-,-,-,9,9,09 雲林縣,2 技職
0023,國立雲林科技大學,N 職,M 碩士,807,463,344,182,138,161,133,63,40,37,19,20,14,-,-,-,-,-,-,09 雲林縣,2 技職
0023,國立雲林科技大學,N 修,B 四技,179,72,107,24,34,16,26,14,24,18,23,-,-,-,-,-,-,-,-,09 雲林縣,2 技職
0024,國立屏東科技大學,D 日,D 博士,246,155,91,28,15,26,24,26,9,18,17,16,9,10,7,31,10,-,-,13 屏東縣,2 技職
0024,國立屏東科技大學,D 日,M 碩士,"1,086",606,480,256,201,237,168,82,80,30,18,1,10,-,3,-,-,-,-,13 屏東縣,2 技職
0024,國立屏東科技大學,D 日,B 四技,"7,701","4,122","3,579","1,029",872,930,873,942,806,953,853,45,57,-,-,-,-,223,118,13 屏東縣,2 技職
0024,國立屏東科技大學,D 日,C 二技,3,1,2,-,-,-,-,-,-,-,-,-,-,-,-,-,-,1,2,13 屏東縣,2 技職
0024,國立屏東科技大學,N 職,M 碩士,288,191,97,81,45,59,36,21,13,16,2,9,1,5,-,-,-,-,-,13 屏東縣,2 技職
0024,國立屏東科技大學,N 修,B 四技,"1,494",919,575,275,129,215,130,171,116,161,160,-,-,-,-,-,-,97,40,13 屏東縣,2 技職
0025,國立臺北科技大學,D 日,D 博士,740,578,162,79,25,112,29,107,26,69,19,64,16,53,15,94,32,-,-,30 臺北市,2 技職
0025,國立臺北科技大學,D 日,M 碩士,"3,081","2,258",823,"1,003",324,923,383,249,80,83,36,-,-,-,-,-,-,-,-,30 臺北市,2 技職
0025,國立臺北科技大學,D 日,B 四技,"6,273","4,402","1,871","1,118",440,"1,102",453,995,439,"1,012",478,-,-,-,-,-,-,175,61,30 臺北市,2 技職
0025,國立臺北科技大學,D 日,C 二技,93,44,49,-,-,-,-,8,6,29,42,-,-,-,-,-,-,7,1,30 臺北市,2 技職
0025,國立臺北科技大學,D 日,5 五專,96,78,18,29,4,24,8,25,6,-,-,-,-,-,-,-,-,-,-,30 臺北市,2 技職
0025,國立臺北科技大學,N 職,M 碩士,"1,622","1,142",480,432,199,357,176,168,57,106,27,52,14,27,7,-,-,-,-,30 臺北市,2 技職
0025,國立臺北科技大學,N 修,B 四技,"1,891","1,602",289,372,67,385,64,371,67,411,83,-,-,-,-,-,-,63,8,30 臺北市,2 技職
0025,國立臺北科技大學,N 修,C 二技,41,28,13,-,-,-,-,-,-,-,1,18,8,-,-,-,-,10,4,30 臺北市,2 技職
0028,國立臺北藝術大學,D 日,D 博士,112,49,63,10,6,11,11,8,15,11,9,2,9,3,9,4,4,-,-,30 臺北市,1 一般
0028,國立臺北藝術大學,D 日,M 碩士,"1,004",359,645,91,202,102,181,92,152,74,110,-,-,-,-,-,-,-,-,30 臺北市,1 一般
0028,國立臺北藝術大學,D 日,B 學士,"1,727",630,"1,097",143,254,139,249,122,222,138,230,-,-,-,-,-,-,88,142,30 臺北市,1 一般
0028,國立臺北藝術大學,D 日,X 4+X,40,26,14,-,-,18,9,-,-,-,-,-,-,-,-,-,-,8,5,30 臺北市,1 一般
0028,國立臺北藝術大學,D 日,5 五專,82,35,47,15,15,13,16,7,16,-,-,-,-,-,-,-,-,-,-,30 臺北市,1 一般
0028,國立臺北藝術大學,N 職,M 碩士,179,54,125,15,39,18,32,8,29,7,20,6,5,-,-,-,-,-,-,30 臺北市,1 一般
0029,國立臺灣藝術大學,D 日,D 博士,134,62,72,13,18,12,13,17,20,11,10,5,4,3,3,1,4,-,-,01 新北市,1 一般
0029,國立臺灣藝術大學,D 日,M 碩士,718,257,461,82,141,59,147,65,111,51,62,-,-,-,-,-,-,-,-,01 新北市,1 一般
0029,國立臺灣藝術大學,D 日,B 學士,"2,365",657,"1,708",156,375,137,401,153,377,134,395,-,-,-,-,-,-,77,160,01 新北市,1 一般
0029,國立臺灣藝術大學,N 職,M 碩士,380,157,223,46,52,36,67,33,60,23,21,14,16,5,7,-,-,-,-,01 新北市,1 一般
0029,國立臺灣藝術大學,N 修,C 二技,383,87,296,-,-,-,-,33,119,33,117,-,-,-,-,-,-,21,60,01 新北市,2 技職
0029,國立臺灣藝術大學,P 進,B 學士,"1,565",509,"1,056",124,251,103,259,106,233,114,222,-,-,-,-,-,-,62,91,01 新北市,1 一般
0030,國立臺東大學,D 日,D 博士,48,21,27,5,4,3,3,5,5,1,3,1,6,5,2,1,4,-,-,14 臺東縣,1 一般
0030,國立臺東大學,D 日,M 碩士,360,148,212,46,70,54,64,27,43,17,25,4,10,-,-,-,-,-,-,14 臺東縣,1 一般
0030,國立臺東大學,D 日,B 學士,"3,598","1,785","1,813",451,481,430,458,412,413,396,396,-,-,-,-,-,-,96,65,14 臺東縣,1 一般
0030,國立臺東大學,N 職,M 碩士,575,158,417,63,165,54,146,16,42,9,28,4,19,9,12,3,5,-,-,14 臺東縣,1 一般
0030,國立臺東大學,N 修,C 二技,76,39,37,-,-,-,-,24,32,15,5,-,-,-,-,-,-,-,-,14 臺東縣,2 技職
0030,國立臺東大學,P 進,B 學士,282,110,172,32,66,34,58,22,13,16,30,-,-,-,-,-,-,6,5,14 臺東縣,1 一般
0031,國立宜蘭大學,D 日,D 博士,12,9,3,1,-,3,1,1,2,-,-,3,-,-,-,1,-,-,-,02 宜蘭縣,1 一般
0031,國立宜蘭大學,D 日,M 碩士,469,320,149,145,62,106,48,42,23,23,16,2,-,2,-,-,-,-,-,02 宜蘭縣,1 一般
0031,國立宜蘭大學,D 日,B 學士,"4,373","2,765","1,608",694,397,656,413,628,420,659,349,-,-,-,-,-,-,128,29,02 宜蘭縣,1 一般
0031,國立宜蘭大學,N 職,M 碩士,216,155,61,60,23,51,22,26,13,8,-,7,2,3,1,-,-,-,-,02 宜蘭縣,1 一般
0031,國立宜蘭大學,P 進,B 學士,406,270,136,65,37,69,38,63,29,47,28,-,-,-,-,-,-,26,4,02 宜蘭縣,1 一般
0032,國立聯合大學,D 日,D 博士,17,16,1,2,1,3,-,3,-,2,-,3,-,2,-,1,-,-,-,05 苗栗縣,1 一般
0032,國立聯合大學,D 日,M 碩士,405,294,111,106,51,109,36,59,13,17,8,2,3,1,-,-,-,-,-,05 苗栗縣,1 一般
0032,國立聯合大學,D 日,B 學士,"5,965","4,094","1,871","1,035",478,"1,006",432,945,460,915,442,16,15,-,-,-,-,177,44,05 苗栗縣,1 一般
0032,國立聯合大學,N 職,M 碩士,38,19,19,12,7,7,11,-,1,-,-,-,-,-,-,-,-,-,-,05 苗栗縣,1 一般
0032,國立聯合大學,P 進,B 學士,"1,134",760,374,178,69,194,89,204,77,133,110,-,-,-,-,-,-,51,29,05 苗栗縣,1 一般
0033,國立虎尾科技大學,D 日,D 博士,48,42,6,12,2,7,-,9,-,6,1,5,1,1,1,2,1,-,-,09 雲林縣,2 技職
0033,國立虎尾科技大學,D 日,M 碩士,800,658,142,290,65,309,60,52,17,7,-,-,-,-,-,-,-,-,-,09 雲林縣,2 技職
0033,國立虎尾科技大學,D 日,B 四技,"7,333","5,625","1,708","1,437",434,"1,345",425,"1,296",408,"1,321",406,-,-,-,-,-,-,226,35,09 雲林縣,2 技職
0033,國立虎尾科技大學,D 日,C 二技,206,161,45,-,-,-,-,81,26,74,19,-,-,-,-,-,-,6,-,09 雲林縣,2 技職
0033,國立虎尾科技大學,D 日,2 二專,56,50,6,23,4,27,2,-,-,-,-,-,-,-,-,-,-,-,-,09 雲林縣,2 技職
0033,國立虎尾科技大學,D 日,5 五專,174,153,21,75,9,35,5,43,7,-,-,-,-,-,-,-,-,-,-,09 雲林縣,2 技職
0033,國立虎尾科技大學,N 職,M 碩士,191,134,57,48,17,45,21,23,10,13,8,5,1,-,-,-,-,-,-,09 雲林縣,2 技職
0033,國立虎尾科技大學,N 修,B 四技,"2,065","1,663",402,453,108,479,103,342,105,306,78,-,-,-,-,-,-,83,8,09 雲林縣,2 技職
0033,國立虎尾科技大學,N 修,C 二技,165,109,56,-,-,-,-,80,29,27,24,-,-,-,-,-,-,2,3,09 雲林縣,2 技職
0035,國立臺南藝術大學,D 日,D 博士,52,25,27,5,9,4,4,4,4,5,1,3,4,1,3,3,2,-,-,11 臺南市,1 一般
0035,國立臺南藝術大學,D 日,M 碩士,539,182,357,57,110,44,78,35,87,46,79,-,2,-,1,-,-,-,-,11 臺南市,1 一般
0035,國立臺南藝術大學,D 日,B 學士,781,252,529,53,138,56,122,58,127,57,122,-,-,-,-,-,-,28,20,11 臺南市,1 一般
0035,國立臺南藝術大學,D 日,5 五專,170,73,97,31,29,23,34,19,34,-,-,-,-,-,-,-,-,-,-,11 臺南市,1 一般
0035,國立臺南藝術大學,N 職,M 碩士,57,19,38,7,12,3,9,1,2,-,5,3,4,3,2,2,4,-,-,11 臺南市,1 一般
0036,國立臺南大學,D 日,D 博士,163,74,89,13,11,12,18,5,15,12,15,7,13,13,8,12,9,-,-,21 臺南市,1 一般
0036,國立臺南大學,D 日,M 碩士,915,401,514,151,180,132,138,65,122,50,70,3,3,-,1,-,-,-,-,21 臺南市,1 一般
0036,國立臺南大學,D 日,B 學士,"3,885","1,829","2,056",457,506,427,494,435,508,426,495,-,-,-,-,-,-,84,53,21 臺南市,1 一般
0036,國立臺南大學,N 職,M 碩士,657,212,445,75,152,67,144,35,77,27,49,8,18,-,3,-,2,-,-,21 臺南市,1 一般
0036,國立臺南大學,P 進,B 學士,153,87,66,33,25,31,9,19,20,1,8,-,-,-,-,-,-,3,4,21 臺南市,1 一般
0037,國立臺北教育大學,D 日,D 博士,153,64,89,7,15,10,12,7,14,12,14,8,10,9,8,11,16,-,-,30 臺北市,3 師範
0037,國立臺北教育大學,D 日,M 碩士,"1,362",427,935,125,289,119,249,75,196,91,159,8,27,6,14,3,1,-,-,30 臺北市,3 師範
0037,國立臺北教育大學,D 日,B 學士,"3,349","1,119","2,230",286,531,245,540,254,558,275,537,-,-,-,-,-,-,59,64,30 臺北市,3 師範
0037,國立臺北教育大學,N 職,M 碩士,"1,021",250,771,90,272,85,246,36,122,18,75,1,19,19,36,1,1,-,-,30 臺北市,3 師範
0039,國立臺中教育大學,D 日,D 博士,112,43,69,7,9,4,13,3,12,6,11,6,7,6,5,11,12,-,-,19 臺中市,3 師範
0039,國立臺中教育大學,D 日,M 碩士,831,279,552,97,189,88,170,48,115,46,78,-,-,-,-,-,-,-,-,19 臺中市,3 師範
0039,國立臺中教育大學,D 日,B 學士,"3,196","1,142","2,054",269,498,285,501,260,507,283,499,-,-,-,-,-,-,45,49,19 臺中市,3 師範
0039,國立臺中教育大學,N 職,M 碩士,763,161,602,50,193,39,182,29,120,23,66,11,28,7,13,2,-,-,-,19 臺中市,3 師範
0042,國立澎湖科技大學,D 日,M 碩士,74,38,36,18,19,16,14,4,1,-,2,-,-,-,-,-,-,-,-,16 澎湖縣,2 技職
0042,國立澎湖科技大學,D 日,B 四技,"2,599","1,564","1,035",410,261,381,259,340,253,355,240,-,-,-,-,-,-,78,22,16 澎湖縣,2 技職
0042,國立澎湖科技大學,D 日,5 五專,34,31,3,10,-,11,2,10,1,-,-,-,-,-,-,-,-,-,-,16 澎湖縣,2 技職
0042,國立澎湖科技大學,N 職,M 碩士,39,24,15,15,4,8,11,-,-,1,-,-,-,-,-,-,-,-,-,16 澎湖縣,2 技職
0042,國立澎湖科技大學,N 修,B 四技,301,149,152,44,42,35,34,42,35,24,39,-,-,-,-,-,-,4,2,16 澎湖縣,2 技職
0043,國立勤益科技大學,D 日,D 博士,34,30,4,12,-,10,2,1,-,1,1,1,-,1,1,4,-,-,-,06 臺中市,2 技職
0043,國立勤益科技大學,D 日,M 碩士,584,444,140,190,65,196,53,46,18,12,4,-,-,-,-,-,-,-,-,06 臺中市,2 技職
0043,國立勤益科技大學,D 日,B 四技,"6,631","4,546","2,085","1,169",510,"1,122",517,"1,080",519,"1,017",500,-,-,-,-,-,-,158,39,06 臺中市,2 技職
0043,國立勤益科技大學,D 日,C 二技,93,73,20,-,-,-,-,27,5,45,15,-,-,-,-,-,-,1,-,06 臺中市,2 技職
0043,國立勤益科技大學,N 職,M 碩士,284,225,59,86,27,103,23,18,4,11,3,4,-,3,2,-,-,-,-,06 臺中市,2 技職
0043,國立勤益科技大學,N 修,B 四技,"3,605","3,034",571,859,139,714,131,624,139,659,138,-,-,-,-,-,-,178,24,06 臺中市,2 技職
0043,國立勤益科技大學,N 修,C 二技,424,324,100,-,-,-,-,180,44,135,53,-,-,-,-,-,-,9,3,06 臺中市,2 技職
0043,國立勤益科技大學,N 修,2 二專,479,363,116,166,62,141,45,-,-,-,-,-,-,-,-,-,-,56,9,06 臺中市,2 技職
0044,國立體育大學,D 日,D 博士,158,112,46,14,10,23,7,16,4,16,9,11,7,22,5,10,4,-,-,03 桃園市,1 一般
0044,國立體育大學,D 日,M 碩士,341,190,151,70,60,58,50,44,21,18,20,-,-,-,-,-,-,-,-,03 桃園市,1 一般
0044,國立體育大學,D 日,B 學士,"1,772","1,113",659,283,163,254,153,252,151,225,150,-,-,-,-,-,-,99,42,03 桃園市,1 一般
0044,國立體育大學,N 職,M 碩士,223,140,83,35,40,41,21,37,14,10,1,13,4,4,3,-,-,-,-,03 桃園市,1 一般
0044,國立體育大學,N 修,C 二年制,92,58,34,-,-,-,-,26,13,21,19,-,-,-,-,-,-,11,2,03 桃園市,1 一般
0046,國立臺北護理健康大學,D 日,D 博士,74,7,67,2,17,1,12,1,12,3,11,-,4,-,6,-,5,-,-,30 臺北市,2 技職
0046,國立臺北護理健康大學,D 日,M 碩士,574,98,476,38,150,28,145,16,113,16,68,-,-,-,-,-,-,-,-,30 臺北市,2 技職
0046,國立臺北護理健康大學,D 日,B 四技,"2,837",736,"2,101",187,533,187,511,185,463,145,502,-,-,-,-,-,-,32,92,30 臺北市,2 技職
0046,國立臺北護理健康大學,D 日,C 二技,936,85,851,-,-,-,-,43,438,41,393,-,-,-,-,-,-,1,20,30 臺北市,2 技職
0046,國立臺北護理健康大學,N 職,M 碩士,194,28,166,12,59,6,48,8,37,2,22,-,-,-,-,-,-,-,-,30 臺北市,2 技職
0046,國立臺北護理健康大學,N 修,C 二技,723,36,687,-,-,-,-,12,239,11,223,12,211,-,-,-,-,1,14,30 臺北市,2 技職
0047,國立高雄餐旅大學,D 日,D 博士,35,18,17,4,3,4,3,2,3,1,3,2,-,2,-,3,5,-,-,50 高雄市,2 技職
0047,國立高雄餐旅大學,D 日,M 碩士,168,57,111,26,43,20,45,6,18,5,5,-,-,-,-,-,-,-,-,50 高雄市,2 技職
0047,國立高雄餐旅大學,D 日,B 四技,"3,055",947,"2,108",249,517,228,515,242,531,216,533,-,-,-,-,-,-,12,12,50 高雄市,2 技職
0047,國立高雄餐旅大學,D 日,C 二技,85,18,67,-,-,-,-,10,36,8,31,-,-,-,-,-,-,-,-,50 高雄市,2 技職
0047,國立高雄餐旅大學,D 日,5 五專,249,101,148,17,34,22,29,23,27,17,29,21,29,-,-,-,-,1,-,50 高雄市,2 技職
0047,國立高雄餐旅大學,N 職,M 碩士,37,13,24,7,11,2,8,2,4,2,1,-,-,-,-,-,-,-,-,50 高雄市,2 技職
0047,國立高雄餐旅大學,N 修,B 四技,"1,077",344,733,78,140,78,146,87,193,94,244,-,-,-,-,-,-,7,10,50 高雄市,2 技職
0047,國立高雄餐旅大學,N 修,C 二技,222,54,168,-,-,-,-,24,92,30,75,-,-,-,-,-,-,-,1,50 高雄市,2 技職
0047,國立高雄餐旅大學,N 修,2 二專,1,-,1,-,-,-,-,-,-,-,-,-,-,-,-,-,-,-,1,50 高雄市,2 技職
0048,國立金門大學,D 日,M 碩士,209,128,81,43,42,57,24,17,7,11,8,-,-,-,-,-,-,-,-,71 金門縣,1 一般
0048,國立金門大學,D 日,B 學士,"2,977","1,566","1,411",405,327,393,348,324,352,361,323,20,21,-,-,-,-,63,40,71 金門縣,1 一般
0048,國立金門大學,N 職,M 碩士,103,72,31,24,20,22,10,20,1,6,-,-,-,-,-,-,-,-,-,71 金門縣,1 一般
0048,國立金門大學,P 進,B 學士,842,481,361,113,97,124,75,104,93,103,81,-,-,-,-,-,-,37,15,71 金門縣,1 一般
0049,國立臺灣體育運動大學,D 日,D 博士,7,3,4,3,4,-,-,-,-,-,-,-,-,-,-,-,-,-,-,19 臺中市,1 一般
0049,國立臺灣體育運動大學,D 日,M 碩士,261,134,127,47,39,41,35,30,34,14,15,1,2,1,1,-,1,-,-,19 臺中市,1 一般
0049,國立臺灣體育運動大學,D 日,B 學士,"2,362","1,336","1,026",346,265,315,228,288,252,282,225,-,-,-,-,-,-,105,56,19 臺中市,1 一般
0049,國立臺灣體育運動大學,N 職,M 碩士,112,72,40,26,14,18,19,17,3,7,3,3,1,1,-,-,-,-,-,19 臺中市,1 一般
0049,國立臺灣體育運動大學,P 進,B 學士,380,273,107,77,21,64,20,45,30,64,26,-,-,-,-,-,-,23,10,19 臺中市,1 一般
0050,國立臺中科技大學,D 日,M 碩士,417,178,239,73,108,68,87,25,29,12,15,-,-,-,-,-,-,-,-,19 臺中市,2 技職
0050,國立臺中科技大學,D 日,B 四技,"5,355","1,662","3,693",438,917,405,870,382,899,360,913,-,-,-,-,-,-,77,94,19 臺中市,2 技職
0050,國立臺中科技大學,D 日,C 二技,"1,384",284,"1,100",-,-,-,-,136,544,134,506,-,-,-,-,-,-,14,50,19 臺中市,2 技職
0050,國立臺中科技大學,D 日,5 五專,"3,473",891,"2,582",215,560,212,541,172,523,151,458,127,461,-,-,-,-,14,39,19 臺中市,2 技職
0050,國立臺中科技大學,N 職,M 碩士,221,99,122,37,56,40,52,14,9,8,5,-,-,-,-,-,-,-,-,19 臺中市,2 技職
0050,國立臺中科技大學,N 修,B 四技,"2,178",738,"1,440",203,332,168,316,158,366,141,351,-,-,-,-,-,-,68,75,19 臺中市,2 技職
0050,國立臺中科技大學,N 修,C 二技,"1,778",604,"1,174",-,-,-,-,330,594,235,505,-,-,-,-,-,-,39,75,19 臺中市,2 技職
0050,國立臺中科技大學,N 修,2 二專,"1,285",497,788,261,397,190,324,-,-,-,-,-,-,-,-,-,-,46,67,19 臺中市,2 技職
0051,國立臺北商業大學,D 日,D 博士,6,5,1,2,1,3,-,-,-,-,-,-,-,-,-,-,-,-,-,30 臺北市,2 技職
0051,國立臺北商業大學,D 日,M 碩士,281,116,165,72,90,34,63,9,11,1,1,-,-,-,-,-,-,-,-,30 臺北市,2 技職
0051,國立臺北商業大學,D 日,B 四技,"2,472",773,"1,699",183,398,204,435,181,400,178,439,-,-,-,-,-,-,27,27,30 臺北市,2 技職
0051,國立臺北商業大學,D 日,C 二技,683,159,524,-,-,-,-,67,262,85,247,-,-,-,-,-,-,7,15,30 臺北市,2 技職
0051,國立臺北商業大學,D 日,5 五專,"1,752",473,"1,279",96,256,95,257,112,226,88,257,73,258,-,-,-,-,9,25,30 臺北市,2 技職
0051,國立臺北商業大學,N 職,M 碩士,53,26,27,11,16,10,9,5,2,-,-,-,-,-,-,-,-,-,-,30 臺北市,2 技職
0051,國立臺北商業大學,N 修,B 四技,826,300,526,119,164,69,138,53,113,51,102,-,-,-,-,-,-,8,9,30 臺北市,2 技職
0051,國立臺北商業大學,N 修,C 二技,821,262,559,-,-,-,-,155,321,97,219,-,-,-,-,-,-,10,19,30 臺北市,2 技職
0051,國立臺北商業大學,N 修,2 二專,738,281,457,96,167,185,290,-,-,-,-,-,-,-,-,-,-,-,-,30 臺北市,2 技職
0052,國立屏東大學,D 日,D 博士,44,22,22,8,3,3,5,2,6,2,2,3,2,1,3,3,1,-,-,13 屏東縣,1 一般
0052,國立屏東大學,D 日,M 碩士,840,319,521,131,195,80,167,58,85,50,72,-,2,-,-,-,-,-,-,13 屏東縣,1 一般
0052,國立屏東大學,D 日,B 學士,"6,655","2,748","3,907",687,922,657,924,620,982,635,956,-,-,-,-,-,-,149,123,13 屏東縣,1 一般
0052,國立屏東大學,N 職,M 碩士,688,228,460,82,152,71,138,43,75,22,57,9,37,1,1,-,-,-,-,13 屏東縣,1 一般
0052,國立屏東大學,P 進,B 學士,800,364,436,109,138,75,121,87,77,74,75,-,-,-,-,-,-,19,25,13 屏東縣,1 一般
0053,國立高雄科技大學,D 日,D 博士,563,437,126,83,28,89,31,80,18,68,13,34,17,39,12,44,7,-,-,50 高雄市,2 技職
0053,國立高雄科技大學,D 日,M 碩士,"2,379","1,646",733,776,324,633,292,167,60,69,57,-,-,1,-,-,-,-,-,50 高雄市,2 技職
0053,國立高雄科技大學,D 日,B 四技,"17,294","10,708","6,586","2,747","1,645","2,512","1,637","2,560","1,530","2,455","1,605",-,-,-,-,-,-,434,169,50 高雄市,2 技職
0053,國立高雄科技大學,D 日,C 二技,394,245,149,-,-,-,-,117,75,105,61,-,-,-,-,-,-,23,13,50 高雄市,2 技職
0053,國立高雄科技大學,D 日,5 五專,739,602,137,114,34,144,33,176,36,80,18,72,15,-,-,-,-,16,1,50 高雄市,2 技職
0053,國立高雄科技大學,N 職,M 碩士,"2,010","1,317",693,484,303,526,301,159,45,74,15,52,14,22,15,-,-,-,-,50 高雄市,2 技職
0053,國立高雄科技大學,N 修,B 四技,"3,947","2,683","1,264",665,313,629,321,575,299,589,252,-,-,-,-,-,-,225,79,50 高雄市,2 技職
0053,國立高雄科技大學,N 修,C 二技,112,64,48,-,-,-,-,33,21,22,23,-,-,-,-,-,-,9,4,50 高雄市,2 技職
0144,國立臺灣戲曲學院,D 日,B 四技,546,184,362,56,87,39,90,45,84,35,90,-,-,-,-,-,-,9,11,30 臺北市,2 技職
0221,國立臺南護理專科學校,D 日,2 二專,115,9,106,6,54,3,50,-,-,-,-,-,-,-,-,-,-,-,2,21 臺南市,2 技職
0221,國立臺南護理專科學校,D 日,5 五專,"1,801",152,"1,649",37,337,33,323,30,323,28,325,19,326,-,-,-,-,5,15,21 臺南市,2 技職
0221,國立臺南護理專科學校,N 修,2 二專,1,1,-,-,-,1,-,-,-,-,-,-,-,-,-,-,-,-,-,21 臺南市,2 技職
0222,國立臺東專科學校,D 日,2 二專,595,435,160,234,85,192,72,-,-,-,-,-,-,-,-,-,-,9,3,14 臺東縣,2 技職
0222,國立臺東專科學校,D 日,5 五專,321,143,178,23,21,33,22,18,31,27,49,31,48,-,-,-,-,11,7,14 臺東縣,2 技職
0222,國立臺東專科學校,N 修,2 二專,125,77,48,39,22,35,26,-,-,-,-,-,-,-,-,-,-,3,-,14 臺東縣,2 技職
1001,東海大學,D 日,D 博士,250,145,105,20,9,22,23,27,17,26,15,14,10,19,14,17,17,-,-,19 臺中市,1 一般
1001,東海大學,D 日,M 碩士,"1,224",609,615,231,237,185,183,103,105,84,88,-,1,6,1,-,-,-,-,19 臺中市,1 一般
1001,東海大學,D 日,B 學士,"13,024","5,714","7,310","1,455","1,811","1,282","1,840","1,361","1,755","1,297","1,661",13,17,-,-,-,-,306,226,19 臺中市,1 一般
1001,東海大學,N 職,M 碩士,767,378,389,126,130,117,134,55,56,29,33,22,16,29,20,-,-,-,-,19 臺中市,1 一般
1001,東海大學,P 進,B 學士,445,228,217,37,40,33,28,55,49,50,51,31,40,-,-,-,-,22,9,19 臺中市,1 一般
1002,輔仁大學,D 日,D 博士,432,245,187,37,27,40,30,34,26,38,31,32,21,31,28,33,24,-,-,01 新北市,1 一般
1002,輔仁大學,D 日,M 碩士,"1,943",817,"1,126",275,396,280,386,146,189,113,150,2,1,1,4,-,-,-,-,01 新北市,1 一般
1002,輔仁大學,D 日,B 學士,"17,584","7,279","10,305","1,649","2,543","1,766","2,483","1,683","2,515","1,659","2,329",34,16,31,18,1,-,456,401,01 新北市,1 一般
1002,輔仁大學,N 職,M 碩士,"1,433",549,884,190,337,186,280,72,127,51,67,25,37,24,36,1,-,-,-,01 新北市,1 一般
1002,輔仁大學,N 修,C 二技,54,2,52,-,-,-,-,-,20,1,32,-,-,-,-,-,-,1,-,01 新北市,2 技職
1002,輔仁大學,P 進,B 學士,"4,205","1,631","2,574",414,617,377,615,355,612,312,523,-,-,-,-,-,-,173,207,01 新北市,1 一般
1003,東吳大學,D 日,D 博士,118,64,54,8,5,13,12,6,6,10,7,10,8,8,8,9,8,-,-,30 臺北市,1 一般
1003,東吳大學,D 日,M 碩士,"1,294",577,717,209,215,145,215,104,126,109,152,10,9,-,-,-,-,-,-,30 臺北市,1 一般
1003,東吳大學,D 日,B 學士,"11,760","4,613","7,147","1,090","1,712","1,068","1,679","1,052","1,627","1,019","1,660",96,164,-,-,-,-,288,305,30 臺北市,1 一般
1003,東吳大學,N 職,M 碩士,"1,205",559,646,150,171,142,181,77,109,86,65,35,64,69,56,-,-,-,-,30 臺北市,1 一般
1003,東吳大學,P 進,B 學士,997,359,638,82,144,85,143,75,130,63,117,39,79,-,-,-,-,15,25,30 臺北市,1 一般
1004,中原大學,D 日,D 博士,345,236,109,39,23,47,20,50,22,26,18,34,11,15,9,25,6,-,-,03 桃園市,1 一般
1004,中原大學,D 日,M 碩士,"1,605",910,695,403,279,346,239,106,89,53,80,2,7,-,1,-,-,-,-,03 桃園市,1 一般
1004,中原大學,D 日,B 學士,"13,560","7,250","6,310","1,653","1,534","1,631","1,519","1,671","1,477","1,661","1,383",61,95,-,-,-,-,573,302,03 桃園市,1 一般
1004,中原大學,N 職,M 碩士,895,532,363,185,156,153,121,56,30,61,27,44,13,33,16,-,-,-,-,03 桃園市,1 一般
1005,淡江大學,D 日,D 博士,394,260,134,45,19,41,23,40,30,44,16,40,21,36,12,14,13,-,-,01 新北市,1 一般
1005,淡江大學,D 日,M 碩士,"1,572",895,677,372,275,336,207,111,120,76,75,-,-,-,-,-,-,-,-,01 新北市,1 一般
1005,淡江大學,D 日,B 學士,"20,239","10,446","9,793","2,609","2,283","2,506","2,388","2,396","2,392","2,221","2,341",33,22,-,-,-,-,681,367,01 新北市,1 一般
1005,淡江大學,N 職,M 碩士,755,392,363,147,127,134,126,44,40,35,34,15,17,17,19,-,-,-,-,01 新北市,1 一般
1005,淡江大學,P 進,B 學士,"1,249",702,547,177,116,147,121,159,136,112,99,-,-,-,-,-,-,107,75,01 新北市,1 一般
1006,中國文化大學,D 日,D 博士,511,329,182,35,23,40,21,38,18,36,26,45,20,41,27,94,47,-,-,30 臺北市,1 一般
1006,中國文化大學,D 日,M 碩士,"1,588",839,749,222,217,169,179,146,132,122,111,106,60,74,50,-,-,-,-,30 臺北市,1 一般
1006,中國文化大學,D 日,B 學士,"20,402","10,041","10,361","2,397","2,416","2,201","2,352","2,103","2,352","2,031","2,218",23,22,-,-,-,-,"1,286","1,001",30 臺北市,1 一般
1006,中國文化大學,N 職,M 碩士,634,257,377,57,101,56,90,46,63,36,44,37,45,25,34,-,-,-,-,30 臺北市,1 一般
1006,中國文化大學,N 修,C 二技,162,64,98,-,-,-,-,26,27,31,62,3,7,-,-,-,-,4,2,30 臺北市,2 技職
1006,中國文化大學,P 進,B 學士,"1,491",645,846,151,212,168,217,129,196,90,128,-,-,-,-,-,-,107,93,30 臺北市,1 一般
1007,逢甲大學,D 日,D 博士,425,308,117,58,26,46,14,48,20,51,18,44,18,27,11,34,10,-,-,19 臺中市,1 一般
1007,逢甲大學,D 日,M 碩士,"1,494","1,030",464,462,230,386,152,109,52,69,30,2,-,2,-,-,-,-,-,19 臺中市,1 一般
1007,逢甲大學,D 日,B 學士,"17,208","10,206","7,002","2,324","1,771","2,472","1,794","2,411","1,687","2,433","1,561",42,46,-,-,-,-,524,143,19 臺中市,1 一般
1007,逢甲大學,N 職,M 碩士,"1,056",650,406,233,200,222,126,68,20,52,24,42,28,33,8,-,-,-,-,19 臺中市,1 一般
1007,逢甲大學,P 進,B 學士,876,523,353,120,92,120,69,112,86,102,76,-,-,-,-,-,-,69,30,19 臺中市,1 一般
1008,靜宜大學,D 日,D 博士,47,21,26,2,6,3,7,3,7,3,3,6,2,1,-,3,1,-,-,06 臺中市,1 一般
1008,靜宜大學,D 日,M 碩士,597,215,382,84,168,74,118,32,62,21,31,2,3,1,-,1,-,-,-,06 臺中市,1 一般
1008,靜宜大學,D 日,B 學士,"11,050","4,192","6,858","1,035","1,662",909,"1,655",963,"1,605",924,"1,604",-,-,-,-,-,-,361,332,06 臺中市,1 一般
1008,靜宜大學,N 職,M 碩士,324,157,167,65,52,41,42,12,30,14,21,10,11,14,10,1,1,-,-,06 臺中市,1 一般
1009,長庚大學,D 日,D 博士,443,308,135,40,22,48,16,39,24,40,19,44,15,30,16,67,23,-,-,03 桃園市,1 一般
1009,長庚大學,D 日,M 碩士,"1,088",539,549,205,206,220,184,76,92,34,48,2,13,2,6,-,-,-,-,03 桃園市,1 一般
1009,長庚大學,D 日,B 學士,"5,099","2,532","2,567",605,593,534,590,561,617,533,556,82,76,88,51,33,17,96,67,03 桃園市,1 一般
1009,長庚大學,N 職,M 碩士,181,88,93,37,41,31,36,7,4,7,3,2,2,4,7,-,-,-,-,03 桃園市,1 一般
1010,元智大學,D 日,D 博士,267,197,70,36,11,36,15,36,11,33,13,14,7,22,7,20,6,-,-,03 桃園市,1 一般
1010,元智大學,D 日,M 碩士,794,521,273,206,121,197,96,80,32,38,24,-,-,-,-,-,-,-,-,03 桃園市,1 一般
1010,元智大學,D 日,B 學士,"7,092","4,020","3,072","1,009",759,927,750,922,716,875,701,-,-,-,-,-,-,287,146,03 桃園市,1 一般
1010,元智大學,N 職,M 碩士,586,376,210,118,80,116,62,51,30,29,16,35,14,27,8,-,-,-,-,03 桃園市,1 一般
1011,中華大學,D 日,D 博士,72,53,19,12,6,11,4,11,5,6,1,2,1,4,1,7,1,-,-,18 新竹市,1 一般
1011,中華大學,D 日,M 碩士,309,178,131,63,68,64,47,31,9,20,6,-,1,-,-,-,-,-,-,18 新竹市,1 一般
1011,中華大學,D 日,B 學士,"4,048","2,623","1,425",642,340,632,326,664,386,442,287,17,12,-,-,-,-,226,74,18 新竹市,1 一般
1011,中華大學,N 職,M 碩士,153,95,58,40,41,33,13,12,2,10,2,-,-,-,-,-,-,-,-,18 新竹市,1 一般
1011,中華大學,N 修,C 二技,193,130,63,-,-,-,-,27,18,101,44,-,-,-,-,-,-,2,1,18 新竹市,2 技職
1011,中華大學,P 進,B 學士,173,117,56,54,36,16,7,21,6,10,4,-,-,-,-,-,-,16,3,18 新竹市,1 一般
1012,大葉大學,D 日,D 博士,121,85,36,16,6,14,8,15,5,16,4,13,6,6,2,5,5,-,-,07 彰化縣,1 一般
1012,大葉大學,D 日,M 碩士,467,248,219,103,117,82,58,40,28,23,16,-,-,-,-,-,-,-,-,07 彰化縣,1 一般
1012,大葉大學,D 日,B 學士,"6,238","3,383","2,855",788,631,754,691,809,768,816,683,-,-,-,-,-,-,216,82,07 彰化縣,1 一般
1012,大葉大學,N 職,M 碩士,331,135,196,79,140,33,29,11,15,4,5,7,3,1,4,-,-,-,-,07 彰化縣,1 一般
1012,大葉大學,N 修,C 二技,81,2,79,-,-,-,-,-,12,1,30,-,-,-,-,-,-,1,37,07 彰化縣,2 技職
1012,大葉大學,P 進,B 學士,532,310,222,80,37,48,34,67,59,85,82,-,-,-,-,-,-,30,10,07 彰化縣,1 一般
1013,華梵大學,D 日,D 博士,61,33,28,5,5,4,5,6,4,6,3,5,4,4,5,3,2,-,-,01 新北市,1 一般
1013,華梵大學,D 日,M 碩士,186,97,89,34,26,21,25,20,11,22,27,-,-,-,-,-,-,-,-,01 新北市,1 一般
1013,華梵大學,D 日,B 學士,746,396,350,87,94,55,41,106,107,91,84,-,-,-,-,-,-,57,24,01 新北市,1 一般
1013,華梵大學,N 職,M 碩士,172,74,98,32,60,31,22,4,6,2,3,-,-,5,7,-,-,-,-,01 新北市,1 一般
1014,義守大學,D 日,D 博士,156,109,47,17,7,16,12,19,8,19,9,18,5,9,4,11,2,-,-,12 高雄市,1 一般
1014,義守大學,D 日,M 碩士,359,199,160,75,48,77,60,31,33,16,19,-,-,-,-,-,-,-,-,12 高雄市,1 一般
1014,義守大學,D 日,B 學士,"12,112","6,089","6,023","1,511","1,491","1,560","1,481","1,310","1,433","1,286","1,375",25,25,-,-,-,-,397,218,12 高雄市,1 一般
1014,義守大學,N 職,M 碩士,360,241,119,101,64,69,38,27,5,33,8,5,1,6,3,-,-,-,-,12 高雄市,1 一般
1014,義守大學,N 修,C 二技,154,28,126,-,-,-,-,11,58,17,60,-,-,-,-,-,-,-,8,12 高雄市,2 技職
1014,義守大學,P 進,B 學士,"1,210",873,337,178,67,128,68,189,59,294,115,-,-,-,-,-,-,84,28,12 高雄市,1 一般
1015,世新大學,D 日,D 博士,99,49,50,9,9,7,13,11,10,7,3,2,3,6,5,7,7,-,-,30 臺北市,1 一般
1015,世新大學,D 日,M 碩士,566,268,298,110,113,80,106,41,46,37,33,-,-,-,-,-,-,-,-,30 臺北市,1 一般
1015,世新大學,D 日,B 學士,"9,431","3,325","6,106",829,"1,474",813,"1,447",788,"1,516",748,"1,514",-,-,-,-,-,-,147,155,30 臺北市,1 一般
1015,世新大學,N 職,M 碩士,655,355,300,90,97,100,82,50,42,31,32,46,29,37,18,1,-,-,-,30 臺北市,1 一般
1015,世新大學,P 進,B 學士,472,178,294,38,63,33,75,59,86,41,51,-,-,-,-,-,-,7,19,30 臺北市,1 一般
1016,銘傳大學,D 日,D 博士,77,38,39,6,5,8,8,2,8,4,5,7,4,4,4,7,5,-,-,30 臺北市,1 一般
1016,銘傳大學,D 日,M 碩士,713,304,409,132,174,83,132,49,56,40,47,-,-,-,-,-,-,-,-,30 臺北市,1 一般
1016,銘傳大學,D 日,B 學士,"17,052","6,598","10,454","1,578","2,637","1,558","2,496","1,569","2,429","1,421","2,472",19,36,-,-,-,-,453,384,30 臺北市,1 一般
1016,銘傳大學,N 職,M 碩士,772,355,417,117,159,109,140,47,54,33,43,28,14,21,7,-,-,-,-,30 臺北市,1 一般
1017,實踐大學,D 日,D 博士,30,12,18,1,2,1,7,3,1,4,5,-,3,3,-,-,-,-,-,30 臺北市,1 一般
1017,實踐大學,D 日,M 碩士,401,168,233,47,81,52,58,39,53,30,40,-,1,-,-,-,-,-,-,30 臺北市,1 一般
1017,實踐大學,D 日,B 學士,"10,683","3,442","7,241",894,"1,818",791,"1,786",725,"1,707",728,"1,550",17,23,-,-,-,-,287,357,30 臺北市,1 一般
1017,實踐大學,N 職,M 碩士,119,40,79,16,29,11,18,9,24,4,7,-,1,-,-,-,-,-,-,30 臺北市,1 一般
1017,實踐大學,N 修,C 二技,123,31,92,-,-,-,-,14,39,15,41,-,-,-,-,-,-,2,12,30 臺北市,2 技職
1017,實踐大學,P 進,B 學士,"1,860",618,"1,242",161,285,138,306,148,277,116,267,-,-,-,-,-,-,55,107,30 臺北市,1 一般
1018,朝陽科技大學,D 日,D 博士,107,73,34,11,7,20,11,12,8,10,3,7,2,9,1,4,2,-,-,06 臺中市,2 技職
1018,朝陽科技大學,D 日,M 碩士,629,333,296,119,117,121,92,92,87,1,-,-,-,-,-,-,-,-,-,06 臺中市,2 技職
1018,朝陽科技大學,D 日,B 四技,"11,412","4,867","6,545","1,165","1,610","1,174","1,597","1,179","1,651","1,092","1,504",-,-,-,-,-,-,257,183,06 臺中市,2 技職
1018,朝陽科技大學,D 日,C 二技,79,23,56,-,-,-,-,6,25,16,31,-,-,-,-,-,-,1,-,06 臺中市,2 技職
1018,朝陽科技大學,N 職,M 碩士,366,170,196,56,73,39,36,74,86,1,-,-,1,-,-,-,-,-,-,06 臺中市,2 技職
1018,朝陽科技大學,N 修,B 四技,"2,457","1,286","1,171",272,236,283,284,335,293,293,281,-,-,-,-,-,-,103,77,06 臺中市,2 技職
1019,高雄醫學大學,D 日,D 博士,330,166,164,30,33,33,33,23,31,26,27,20,25,19,8,15,7,-,-,50 高雄市,1 一般
1019,高雄醫學大學,D 日,M 碩士,712,201,511,90,210,80,174,25,82,6,41,-,4,-,-,-,-,-,-,50 高雄市,1 一般
1019,高雄醫學大學,D 日,B 學士,"5,221","2,190","3,031",464,748,471,664,445,699,466,658,143,94,146,105,1,-,54,63,50 高雄市,1 一般
1019,高雄醫學大學,N 職,M 碩士,215,90,125,37,43,30,49,11,17,6,12,6,4,-,-,-,-,-,-,50 高雄市,1 一般
1019,高雄醫學大學,N 修,C 二技,12,-,12,-,-,-,-,-,-,-,-,-,12,-,-,-,-,-,-,50 高雄市,2 技職
1020,南華大學,D 日,D 博士,57,36,21,12,7,6,4,7,4,5,4,4,1,1,1,1,-,-,-,10 嘉義縣,1 一般
1020,南華大學,D 日,M 碩士,601,246,355,120,165,62,97,39,57,23,34,2,2,-,-,-,-,-,-,10 嘉義縣,1 一般
1020,南華大學,D 日,B 學士,"4,324","2,018","2,306",502,619,502,608,497,553,391,471,-,-,-,-,-,-,126,55,10 嘉義縣,1 一般
1020,南華大學,N 職,M 碩士,398,141,257,63,109,36,72,15,44,16,16,11,16,-,-,-,-,-,-,10 嘉義縣,1 一般
1020,南華大學,P 進,B 學士,321,207,114,60,35,52,20,36,20,41,30,-,-,-,-,-,-,18,9,10 嘉義縣,1 一般
1021,真理大學,D 日,M 碩士,118,73,45,25,20,27,13,13,4,8,7,-,-,-,1,-,-,-,-,01 新北市,1 一般
1021,真理大學,D 日,B 學士,"5,072","2,510","2,562",735,684,603,636,515,683,469,444,-,-,-,-,-,-,188,115,01 新北市,1 一般
1021,真理大學,N 職,M 碩士,21,12,9,3,5,3,2,5,1,1,-,-,1,-,-,-,-,-,-,01 新北市,1 一般
1021,真理大學,P 進,B 學士,44,33,11,-,-,-,-,5,1,19,7,-,-,-,-,-,-,9,3,01 新北市,1 一般
1022,大同大學,D 日,D 博士,110,67,43,11,5,16,8,8,12,10,2,6,5,5,4,11,7,-,-,30 臺北市,1 一般
1022,大同大學,D 日,M 碩士,228,164,64,47,39,75,15,29,8,13,2,-,-,-,-,-,-,-,-,30 臺北市,1 一般
1022,大同大學,D 日,B 學士,"3,545","2,164","1,381",576,317,534,333,480,341,453,350,-,-,-,-,-,-,121,40,30 臺北市,1 一般
1022,大同大學,N 職,M 碩士,129,99,30,14,5,34,7,23,8,15,6,13,4,-,-,-,-,-,-,30 臺北市,1 一般
1023,南臺科技大學,D 日,D 博士,97,71,26,11,5,10,5,16,7,15,5,4,1,2,2,13,1,-,-,11 臺南市,2 技職
1023,南臺科技大學,D 日,M 碩士,793,443,350,145,127,168,111,76,64,32,21,9,16,13,11,-,-,-,-,11 臺南市,2 技職
1023,南臺科技大學,D 日,B 四技,"12,519","7,175","5,344","1,722","1,213","1,786","1,321","1,633","1,331","1,666","1,308",-,-,-,-,-,-,368,171,11 臺南市,2 技職
1023,南臺科技大學,D 日,C 二技,121,36,85,-,-,-,-,9,55,7,29,-,-,-,-,-,-,20,1,11 臺南市,2 技職
1023,南臺科技大學,D 日,5 五專,250,222,28,76,13,65,7,68,5,-,-,11,2,-,-,-,-,2,1,11 臺南市,2 技職
1023,南臺科技大學,N 職,M 碩士,352,178,174,69,72,53,58,15,23,18,10,12,4,11,7,-,-,-,-,11 臺南市,2 技職
1023,南臺科技大學,N 修,B 四技,"3,748","2,368","1,380",487,259,547,333,567,342,534,328,-,-,-,-,-,-,233,118,11 臺南市,2 技職
1023,南臺科技大學,N 修,C 二技,144,54,90,-,-,-,-,34,55,12,28,-,-,-,-,-,-,8,7,11 臺南市,2 技職
1024,崑山科技大學,D 日,D 博士,36,29,7,7,-,5,3,7,1,4,3,2,-,2,-,2,-,-,-,11 臺南市,2 技職
1024,崑山科技大學,D 日,M 碩士,305,187,118,75,48,91,55,12,11,9,4,-,-,-,-,-,-,-,-,11 臺南市,2 技職
1024,崑山科技大學,D 日,B 四技,"7,050","4,257","2,793",878,597,"1,121",725,"1,031",722,934,643,-,-,-,-,-,-,293,106,11 臺南市,2 技職
1024,崑山科技大學,D 日,C 二技,15,11,4,-,-,-,-,-,-,11,4,-,-,-,-,-,-,-,-,11 臺南市,2 技職
1024,崑山科技大學,N 職,M 碩士,156,109,47,45,23,52,21,4,3,8,-,-,-,-,-,-,-,-,-,11 臺南市,2 技職
1024,崑山科技大學,N 修,B 四技,"2,681","1,767",914,431,222,370,180,410,186,416,264,-,-,-,-,-,-,140,62,11 臺南市,2 技職
1024,崑山科技大學,N 修,C 二技,259,135,124,-,-,-,-,83,70,50,54,-,-,-,-,-,-,2,-,11 臺南市,2 技職
1024,崑山科技大學,N 修,2 二專,35,17,18,8,6,8,12,-,-,-,-,-,-,-,-,-,-,1,-,11 臺南市,2 技職
1025,嘉南藥理大學,D 日,M 碩士,188,87,101,43,51,29,38,11,10,4,2,-,-,-,-,-,-,-,-,11 臺南市,2 技職
1025,嘉南藥理大學,D 日,B 四技,"9,425","3,999","5,426",805,"1,122","1,037","1,447",918,"1,393","1,047","1,351",-,-,-,-,-,-,192,113,11 臺南市,2 技職
1025,嘉南藥理大學,D 日,C 二技,87,12,75,-,-,-,-,5,42,7,33,-,-,-,-,-,-,-,-,11 臺南市,2 技職
1025,嘉南藥理大學,D 日,5 五專,3,2,1,-,-,-,-,-,-,-,-,2,1,-,-,-,-,-,-,11 臺南市,2 技職
1025,嘉南藥理大學,N 職,M 碩士,194,80,114,43,55,25,51,10,5,-,1,2,1,-,1,-,-,-,-,11 臺南市,2 技職
1025,嘉南藥理大學,N 修,B 四技,"1,918",946,972,316,260,172,185,202,234,194,239,-,-,-,-,-,-,62,54,11 臺南市,2 技職
1025,嘉南藥理大學,N 修,C 二技,419,66,353,-,-,-,-,34,217,29,134,-,-,-,-,-,-,3,2,11 臺南市,2 技職
1026,樹德科技大學,D 日,D 博士,34,16,18,2,3,2,2,3,-,-,2,9,11,-,-,-,-,-,-,12 高雄市,2 技職
1026,樹德科技大學,D 日,M 碩士,249,112,137,43,64,36,35,16,15,17,23,-,-,-,-,-,-,-,-,12 高雄市,2 技職
1026,樹德科技大學,D 日,B 四技,"7,430","3,139","4,291",666,925,806,"1,092",816,"1,143",631,971,-,-,-,-,-,-,220,160,12 高雄市,2 技職
1026,樹德科技大學,D 日,C 二技,8,3,5,-,-,-,-,-,1,3,4,-,-,-,-,-,-,-,-,12 高雄市,2 技職
1026,樹德科技大學,N 職,M 碩士,424,194,230,64,93,69,67,27,25,34,45,-,-,-,-,-,-,-,-,12 高雄市,2 技職
1026,樹德科技大學,N 修,B 四技,"1,344",789,555,252,185,178,114,172,117,144,109,-,-,-,-,-,-,43,30,12 高雄市,2 技職
1026,樹德科技大學,N 修,C 二技,557,224,333,-,-,-,-,120,166,96,159,-,-,-,-,-,-,8,8,12 高雄市,2 技職
1026,樹德科技大學,N 修,2 二專,450,201,249,106,123,77,108,-,-,-,-,-,-,-,-,-,-,18,18,12 高雄市,2 技職
1027,慈濟大學,D 日,D 博士,114,62,52,12,8,10,12,6,4,8,5,12,7,7,9,7,7,-,-,15 花蓮縣,1 一般
1027,慈濟大學,D 日,M 碩士,344,105,239,41,86,32,76,18,45,14,32,-,-,-,-,-,-,-,-,15 花蓮縣,1 一般
1027,慈濟大學,D 日,B 學士,"2,896","1,111","1,785",255,458,265,416,250,393,211,398,51,49,32,15,-,-,47,56,15 花蓮縣,1 一般
1027,慈濟大學,N 職,M 碩士,29,6,23,1,5,3,5,-,5,1,4,1,4,-,-,-,-,-,-,15 花蓮縣,1 一般
1028,臺北醫學大學,D 日,D 博士,563,311,252,72,55,64,50,66,51,37,33,40,27,19,21,13,15,-,-,30 臺北市,1 一般
1028,臺北醫學大學,D 日,M 碩士,644,222,422,97,213,91,154,25,35,9,20,-,-,-,-,-,-,-,-,30 臺北市,1 一般
1028,臺北醫學大學,D 日,B 學士,"4,477","1,849","2,628",353,641,387,574,356,584,372,515,163,118,166,125,-,-,52,71,30 臺北市,1 一般
1028,臺北醫學大學,D 日,X 4+X,2,1,1,-,-,-,-,-,-,-,-,-,-,-,-,-,-,1,1,30 臺北市,1 一般
1028,臺北醫學大學,N 職,M 碩士,307,79,228,25,80,34,72,8,43,12,33,-,-,-,-,-,-,-,-,30 臺北市,1 一般
1029,中山醫學大學,D 日,D 博士,180,108,72,19,15,23,14,18,15,12,11,16,11,8,4,12,2,-,-,19 臺中市,1 一般
1029,中山醫學大學,D 日,M 碩士,514,179,335,74,145,79,118,19,38,7,34,-,-,-,-,-,-,-,-,19 臺中市,1 一般
1029,中山醫學大學,D 日,B 學士,"5,853","2,071","3,782",449,905,451,898,437,870,421,857,123,84,118,87,-,1,72,80,19 臺中市,1 一般
1029,中山醫學大學,N 職,M 碩士,162,36,126,13,50,16,46,7,16,-,7,-,7,-,-,-,-,-,-,19 臺中市,1 一般
1029,中山醫學大學,N 修,C 二技,124,39,85,-,-,-,-,15,26,11,29,10,26,-,-,-,-,3,4,19 臺中市,2 技職
1030,龍華科技大學,D 日,M 碩士,290,206,84,94,46,64,24,32,9,16,5,-,-,-,-,-,-,-,-,03 桃園市,2 技職
1030,龍華科技大學,D 日,B 四技,"6,938","4,575","2,363","1,252",579,"1,000",539,"1,045",598,"1,025",511,-,-,-,-,-,-,253,136,03 桃園市,2 技職
1030,龍華科技大學,D 日,C 二技,37,22,15,-,-,-,-,1,2,21,13,-,-,-,-,-,-,-,-,03 桃園市,2 技職
1030,龍華科技大學,D 日,5 五專,555,486,69,167,19,145,18,123,16,19,4,29,12,-,-,-,-,3,-,03 桃園市,2 技職
1030,龍華科技大學,N 職,M 碩士,112,84,28,35,15,33,9,11,1,5,3,-,-,-,-,-,-,-,-,03 桃園市,2 技職
1030,龍華科技大學,N 修,B 四技,"3,674","2,820",854,790,209,649,201,626,189,553,204,-,-,-,-,-,-,202,51,03 桃園市,2 技職
1031,輔英科技大學,D 日,M 碩士,159,43,116,18,47,16,33,5,23,4,12,-,1,-,-,-,-,-,-,12 高雄市,2 技職
1031,輔英科技大學,D 日,B 四技,"3,626","1,449","2,177",347,489,380,601,322,550,283,457,-,-,-,-,-,-,117,80,12 高雄市,2 技職
1031,輔英科技大學,D 日,C 二技,"1,533",166,"1,367",-,-,-,-,89,682,73,663,-,-,-,-,-,-,4,22,12 高雄市,2 技職
1031,輔英科技大學,D 日,5 五專,"2,751",299,"2,452",54,546,70,482,74,480,54,465,38,436,-,-,-,-,9,43,12 高雄市,2 技職
1031,輔英科技大學,N 職,M 碩士,103,6,97,1,24,-,22,5,35,-,10,-,6,-,-,-,-,-,-,12 高雄市,2 技職
1031,輔英科技大學,N 修,B 四技,627,439,188,136,117,96,16,98,24,82,23,-,-,-,-,-,-,27,8,12 高雄市,2 技職
1031,輔英科技大學,N 修,C 二技,992,210,782,-,-,-,-,104,372,70,290,19,20,-,-,-,-,17,100,12 高雄市,2 技職
1032,明新科技大學,D 日,M 碩士,223,146,77,45,34,56,23,27,15,18,5,-,-,-,-,-,-,-,-,04 新竹縣,2 技職
1032,明新科技大學,D 日,B 四技,"7,433","4,536","2,897",787,522,"1,046",710,"1,311",877,"1,082",670,-,-,-,-,-,-,310,118,04 新竹縣,2 技職
1032,明新科技大學,D 日,C 二技,21,10,11,-,-,-,-,-,-,10,11,-,-,-,-,-,-,-,-,04 新竹縣,2 技職
1032,明新科技大學,D 日,2 二專,37,35,2,13,-,22,2,-,-,-,-,-,-,-,-,-,-,-,-,04 新竹縣,2 技職
1032,明新科技大學,N 職,M 碩士,286,208,78,80,36,56,24,37,13,20,3,7,1,8,1,-,-,-,-,04 新竹縣,2 技職
1032,明新科技大學,N 修,B 四技,"2,979","1,903","1,076",454,242,416,248,444,268,392,243,-,-,-,-,-,-,197,75,04 新竹縣,2 技職
1032,明新科技大學,N 修,C 二技,693,327,366,-,-,-,-,190,189,132,177,-,-,-,-,-,-,5,-,04 新竹縣,2 技職
1032,明新科技大學,N 修,2 二專,214,149,65,89,42,58,21,-,-,-,-,-,-,-,-,-,-,2,2,04 新竹縣,2 技職
1033,長榮大學,D 日,D 博士,46,33,13,9,5,7,2,4,3,7,1,4,-,1,1,1,1,-,-,11 臺南市,1 一般
1033,長榮大學,D 日,M 碩士,308,111,197,39,70,27,41,25,42,19,30,1,14,-,-,-,-,-,-,11 臺南市,1 一般
1033,長榮大學,D 日,B 學士,"7,387","3,233","4,154",873,970,780,"1,061",732,"1,151",689,886,-,-,-,-,-,-,159,86,11 臺南市,1 一般
1033,長榮大學,N 職,M 碩士,122,78,44,42,19,27,11,6,7,2,6,1,1,-,-,-,-,-,-,11 臺南市,1 一般
1033,長榮大學,P 進,B 學士,385,256,129,75,51,68,26,47,22,56,25,-,-,-,-,-,-,10,5,11 臺南市,1 一般
1034,弘光科技大學,D 日,D 博士,14,2,12,1,2,-,3,-,3,1,2,-,2,-,-,-,-,-,-,06 臺中市,2 技職
1034,弘光科技大學,D 日,M 碩士,186,57,129,26,52,17,44,8,20,6,13,-,-,-,-,-,-,-,-,06 臺中市,2 技職
1034,弘光科技大學,D 日,B 四技,"7,221","2,640","4,581",631,"1,111",641,"1,153",625,"1,132",589,"1,039",-,-,-,-,-,-,154,146,06 臺中市,2 技職
1034,弘光科技大學,D 日,C 二技,699,38,661,-,-,-,-,21,337,17,323,-,-,-,-,-,-,-,1,06 臺中市,2 技職
1034,弘光科技大學,D 日,5 五專,260,29,231,5,47,9,43,9,43,3,47,3,45,-,-,-,-,-,6,06 臺中市,2 技職
1034,弘光科技大學,N 職,M 碩士,92,20,72,11,23,6,20,-,14,-,11,3,2,-,2,-,-,-,-,06 臺中市,2 技職
1034,弘光科技大學,N 修,B 四技,"3,312","1,536","1,776",421,466,368,417,310,415,312,373,3,18,-,-,-,-,122,87,06 臺中市,2 技職
1034,弘光科技大學,N 修,C 二技,786,60,726,-,-,-,-,30,286,16,239,13,191,-,-,-,-,1,10,06 臺中市,2 技職
1034,弘光科技大學,N 修,2 二專,130,16,114,5,58,10,52,-,-,-,-,-,-,-,-,-,-,1,4,06 臺中市,2 技職
1035,中國醫藥大學,D 日,D 博士,385,220,165,58,32,36,30,43,28,34,25,24,28,15,12,10,10,-,-,19 臺中市,1 一般
1035,中國醫藥大學,D 日,M 碩士,482,175,307,80,149,65,122,20,28,10,7,-,1,-,-,-,-,-,-,19 臺中市,1 一般
1035,中國醫藥大學,D 日,B 學士,"6,241","2,662","3,579",511,798,492,766,519,729,490,711,346,313,183,124,63,64,58,74,19 臺中市,1 一般
1035,中國醫藥大學,N 職,M 碩士,94,28,66,8,30,14,27,2,5,4,3,-,1,-,-,-,-,-,-,19 臺中市,1 一般
1035,中國醫藥大學,N 修,C 二技,1,-,1,-,-,-,-,-,-,-,-,-,-,-,-,-,-,-,1,19 臺中市,2 技職
1036,健行科技大學,D 日,M 碩士,283,182,101,87,59,61,24,24,10,9,8,-,-,1,-,-,-,-,-,03 桃園市,2 技職
1036,健行科技大學,D 日,B 四技,"6,627","4,474","2,153",940,455,"1,153",517,"1,241",596,893,489,-,-,-,-,-,-,247,96,03 桃園市,2 技職
1036,健行科技大學,D 日,C 二技,43,28,15,-,-,-,-,11,6,5,5,12,4,-,-,-,-,-,-,03 桃園市,2 技職
1036,健行科技大學,D 日,5 五專,1,1,-,-,-,-,-,-,-,-,-,-,-,-,-,-,-,1,-,03 桃園市,2 技職
1036,健行科技大學,N 職,M 碩士,46,28,18,10,10,10,5,4,2,1,-,3,1,-,-,-,-,-,-,03 桃園市,2 技職
1036,健行科技大學,N 修,B 四技,"4,021","2,567","1,454",701,398,564,390,581,317,587,304,-,-,-,-,-,-,134,45,03 桃園市,2 技職
1036,健行科技大學,N 修,C 二技,258,121,137,-,-,-,-,78,106,41,30,-,-,-,-,-,-,2,1,03 桃園市,2 技職
1037,正修科技大學,D 日,D 博士,13,13,-,3,-,3,-,3,-,1,-,1,-,2,-,-,-,-,-,12 高雄市,2 技職
1037,正修科技大學,D 日,M 碩士,362,203,159,86,57,76,75,30,18,11,9,-,-,-,-,-,-,-,-,12 高雄市,2 技職
1037,正修科技大學,D 日,B 四技,"8,421","5,152","3,269","1,277",758,"1,329",818,"1,301",834,"1,048",780,-,-,-,-,-,-,197,79,12 高雄市,2 技職
1037,正修科技大學,D 日,C 二技,76,46,30,-,-,-,-,-,-,46,30,-,-,-,-,-,-,-,-,12 高雄市,2 技職
1037,正修科技大學,D 日,5 五專,200,156,44,53,17,57,10,46,17,-,-,-,-,-,-,-,-,-,-,12 高雄市,2 技職
1037,正修科技大學,N 職,M 碩士,185,127,58,48,25,65,29,10,3,4,1,-,-,-,-,-,-,-,-,12 高雄市,2 技職
1037,正修科技大學,N 修,B 四技,"5,069","3,375","1,694",925,405,847,397,749,439,622,377,-,-,-,-,-,-,232,76,12 高雄市,2 技職
1037,正修科技大學,N 修,C 二技,"2,024","1,046",978,-,-,-,-,555,526,485,443,-,-,-,-,-,-,6,9,12 高雄市,2 技職
1037,正修科技大學,N 修,2 二專,"1,123",654,469,367,245,265,212,-,-,-,-,-,-,-,-,-,-,22,12,12 高雄市,2 技職
1038,萬能科技大學,D 日,M 碩士,152,73,79,26,26,24,26,18,14,5,13,-,-,-,-,-,-,-,-,03 桃園市,2 技職
1038,萬能科技大學,D 日,B 四技,"6,098","3,321","2,777",766,677,827,731,831,665,695,596,-,-,-,-,-,-,202,108,03 桃園市,2 技職
1038,萬能科技大學,N 職,M 碩士,106,60,46,39,29,16,15,2,1,-,-,3,1,-,-,-,-,-,-,03 桃園市,2 技職
1038,萬能科技大學,N 修,B 四技,"2,635","1,512","1,123",428,303,311,220,416,328,301,242,-,-,-,-,-,-,56,30,03 桃園市,2 技職
1038,萬能科技大學,N 修,C 二技,638,330,308,-,-,-,-,101,104,229,204,-,-,-,-,-,-,-,-,03 桃園市,2 技職
1038,萬能科技大學,N 修,2 二專,62,7,55,1,38,3,17,-,-,-,-,-,-,-,-,-,-,3,-,03 桃園市,2 技職
1039,玄奘大學,D 日,D 博士,2,-,2,-,-,-,-,-,-,-,-,-,-,-,-,-,2,-,-,18 新竹市,1 一般
1039,玄奘大學,D 日,M 碩士,247,83,164,25,44,20,50,19,40,18,27,1,2,-,1,-,-,-,-,18 新竹市,1 一般
1039,玄奘大學,D 日,B 學士,"1,945",818,"1,127",173,266,182,246,176,261,219,282,-,-,-,-,-,-,68,72,18 新竹市,1 一般
1039,玄奘大學,N 職,M 碩士,142,48,94,16,30,9,20,9,21,7,16,7,7,-,-,-,-,-,-,18 新竹市,1 一般
1039,玄奘大學,P 進,B 學士,72,29,43,-,-,1,1,11,10,11,18,-,-,-,-,-,-,6,14,18 新竹市,1 一般
1040,建國科技大學,D 日,M 碩士,151,100,51,34,13,46,25,16,10,4,3,-,-,-,-,-,-,-,-,07 彰化縣,2 技職
1040,建國科技大學,D 日,B 四技,"4,002","2,695","1,307",363,173,727,362,875,394,591,327,-,-,-,-,-,-,139,51,07 彰化縣,2 技職
1040,建國科技大學,D 日,C 二技,1,1,-,-,-,-,-,-,-,-,-,-,-,-,-,-,-,1,-,07 彰化縣,2 技職
1040,建國科技大學,N 修,B 四技,"2,021","1,532",489,362,148,401,90,349,121,353,122,-,-,-,-,-,-,67,8,07 彰化縣,2 技職
1040,建國科技大學,N 修,C 二技,325,190,135,-,-,-,-,97,67,87,68,-,-,-,-,-,-,6,-,07 彰化縣,2 技職
1040,建國科技大學,N 修,2 二專,120,86,34,35,20,46,14,-,-,-,-,-,-,-,-,-,-,5,-,07 彰化縣,2 技職
1041,明志科技大學,D 日,D 博士,22,18,4,6,1,2,1,7,1,2,1,1,-,-,-,-,-,-,-,01 新北市,2 技職
1041,明志科技大學,D 日,M 碩士,468,338,130,142,62,135,42,47,19,14,6,-,-,-,-,-,1,-,-,01 新北市,2 技職
1041,明志科技大學,D 日,B 四技,"3,607","2,636",971,637,241,632,248,623,227,597,238,-,-,-,-,-,-,147,17,01 新北市,2 技職
1041,明志科技大學,N 職,M 碩士,18,14,4,4,1,5,1,3,1,1,1,1,-,-,-,-,-,-,-,01 新北市,2 技職
1041,明志科技大學,N 修,B 四技,377,348,29,27,1,95,5,104,6,92,14,-,-,-,-,-,-,30,3,01 新北市,2 技職
1042,高苑科技大學,D 日,M 碩士,69,38,31,24,17,7,10,5,3,2,1,-,-,-,-,-,-,-,-,12 高雄市,2 技職
1042,高苑科技大學,D 日,B 四技,"1,807","1,222",585,178,135,274,173,403,162,248,92,-,-,-,-,-,-,119,23,12 高雄市,2 技職
1042,高苑科技大學,N 職,M 碩士,170,125,45,68,31,39,12,14,1,2,1,2,-,-,-,-,-,-,-,12 高雄市,2 技職
1042,高苑科技大學,N 修,B 四技,979,786,193,180,58,146,21,152,41,213,48,-,-,-,-,-,-,95,25,12 高雄市,2 技職
1042,高苑科技大學,N 修,C 二技,284,169,115,-,-,-,-,92,61,65,51,-,-,-,-,-,-,12,3,12 高雄市,2 技職
1042,高苑科技大學,N 修,2 二專,201,126,75,59,52,30,18,-,-,-,-,-,-,-,-,-,-,37,5,12 高雄市,2 技職
1043,大仁科技大學,D 日,M 碩士,69,32,37,11,24,20,13,1,-,-,-,-,-,-,-,-,-,-,-,13 屏東縣,2 技職
1043,大仁科技大學,D 日,B 四技,"3,399","1,631","1,768",323,353,398,427,369,396,343,396,90,109,-,-,-,-,108,87,13 屏東縣,2 技職
1043,大仁科技大學,D 日,C 二技,1,-,1,-,-,-,-,-,-,-,1,-,-,-,-,-,-,-,-,13 屏東縣,2 技職
1043,大仁科技大學,N 職,M 碩士,161,82,79,37,33,35,43,5,3,4,-,1,-,-,-,-,-,-,-,13 屏東縣,2 技職
1043,大仁科技大學,N 修,B 四技,266,171,95,17,15,29,18,46,16,57,38,-,-,-,-,-,-,22,8,13 屏東縣,2 技職
1043,大仁科技大學,N 修,C 二技,"1,393",451,942,-,-,-,-,231,440,212,468,-,-,-,-,-,-,8,34,13 屏東縣,2 技職
1043,大仁科技大學,N 修,2 二專,100,48,52,26,28,17,22,-,-,-,-,-,-,-,-,-,-,5,2,13 屏東縣,2 技職
1044,聖約翰科技大學,D 日,M 碩士,93,68,25,15,8,25,11,14,4,14,2,-,-,-,-,-,-,-,-,01 新北市,2 技職
1044,聖約翰科技大學,D 日,B 四技,"1,482",969,513,81,68,178,100,236,126,316,178,-,-,-,-,-,-,158,41,01 新北市,2 技職
1044,聖約翰科技大學,D 日,C 二技,2,-,2,-,-,-,-,-,2,-,-,-,-,-,-,-,-,-,-,01 新北市,2 技職
1044,聖約翰科技大學,D 日,5 五專,252,197,55,17,4,40,8,43,10,53,14,37,17,-,-,-,-,7,2,01 新北市,2 技職
1044,聖約翰科技大學,N 職,M 碩士,114,82,32,23,13,43,16,14,2,2,1,-,-,-,-,-,-,-,-,01 新北市,2 技職
1044,聖約翰科技大學,N 修,B 四技,323,263,60,62,6,115,20,76,30,5,4,-,-,-,-,-,-,5,-,01 新北市,2 技職
1044,聖約翰科技大學,N 修,C 二技,66,43,23,-,-,-,-,43,23,-,-,-,-,-,-,-,-,-,-,01 新北市,2 技職
1044,聖約翰科技大學,N 修,2 二專,59,33,26,28,12,5,14,-,-,-,-,-,-,-,-,-,-,-,-,01 新北市,2 技職
1045,嶺東科技大學,D 日,M 碩士,255,118,137,59,62,37,50,14,14,8,11,-,-,-,-,-,-,-,-,19 臺中市,2 技職
1045,嶺東科技大學,D 日,B 四技,"7,296","2,704","4,592",625,"1,147",656,"1,198",692,"1,105",587,"1,067",-,-,-,-,-,-,144,75,19 臺中市,2 技職
1045,嶺東科技大學,D 日,C 二技,5,2,3,-,-,-,-,-,-,2,3,-,-,-,-,-,-,-,-,19 臺中市,2 技職
1045,嶺東科技大學,N 職,M 碩士,166,110,56,48,30,45,23,11,2,6,1,-,-,-,-,-,-,-,-,19 臺中市,2 技職
1045,嶺東科技大學,N 修,B 四技,"2,788","1,495","1,293",441,356,342,317,308,260,296,265,-,-,-,-,-,-,108,95,19 臺中市,2 技職
1046,中國科技大學,D 日,M 碩士,151,86,65,37,31,30,25,11,7,8,2,-,-,-,-,-,-,-,-,30 臺北市,2 技職
1046,中國科技大學,D 日,B 四技,"6,374","2,918","3,456",573,715,797,892,685,864,679,824,-,-,-,-,-,-,184,161,30 臺北市,2 技職
1046,中國科技大學,N 職,M 碩士,77,55,22,35,10,16,12,3,-,1,-,-,-,-,-,-,-,-,-,30 臺北市,2 技職
1046,中國科技大學,N 修,B 四技,"1,278",738,540,209,144,180,119,131,100,146,117,-,-,-,-,-,-,72,60,30 臺北市,2 技職
1046,中國科技大學,N 修,C 二技,460,270,190,-,-,-,-,249,190,17,-,-,-,-,-,-,-,4,-,30 臺北市,2 技職
1046,中國科技大學,N 修,X 4+X,2,-,2,-,-,-,1,-,-,-,-,-,-,-,-,-,-,-,1,30 臺北市,2 技職
1046,中國科技大學,N 修,2 二專,473,238,235,110,125,108,96,-,-,-,-,-,-,-,-,-,-,20,14,30 臺北市,2 技職
1047,中臺科技大學,D 日,D 博士,15,11,4,1,-,1,1,2,1,2,1,-,-,2,-,3,1,-,-,19 臺中市,2 技職
1047,中臺科技大學,D 日,M 碩士,124,34,90,16,34,13,31,4,12,1,8,-,5,-,-,-,-,-,-,19 臺中市,2 技職
1047,中臺科技大學,D 日,B 四技,"4,638","1,935","2,703",420,530,476,708,471,695,396,631,-,-,-,-,-,-,172,139,19 臺中市,2 技職
1047,中臺科技大學,D 日,C 二技,529,83,446,-,-,-,-,45,234,38,210,-,-,-,-,-,-,-,2,19 臺中市,2 技職
1047,中臺科技大學,D 日,2 二專,18,8,10,-,-,8,10,-,-,-,-,-,-,-,-,-,-,-,-,19 臺中市,2 技職
1047,中臺科技大學,N 職,M 碩士,246,50,196,17,79,19,57,11,37,3,23,-,-,-,-,-,-,-,-,19 臺中市,2 技職
1047,中臺科技大學,N 修,B 四技,"1,596",573,"1,023",162,279,138,236,113,214,99,187,9,51,-,-,-,-,52,56,19 臺中市,2 技職
1047,中臺科技大學,N 修,C 二技,"1,004",115,889,-,-,-,-,59,382,30,308,23,191,-,-,-,-,3,8,19 臺中市,2 技職
1048,亞洲大學,D 日,D 博士,243,153,90,30,18,33,17,32,22,18,9,23,11,7,6,10,7,-,-,06 臺中市,1 一般
1048,亞洲大學,D 日,M 碩士,629,287,342,130,125,95,107,34,61,28,49,-,-,-,-,-,-,-,-,06 臺中市,1 一般
1048,亞洲大學,D 日,B 學士,"9,388","3,314","6,074",821,"1,534",773,"1,482",793,"1,474",774,"1,460",-,-,-,-,-,-,153,124,06 臺中市,1 一般
1048,亞洲大學,N 職,M 碩士,387,194,193,111,110,61,48,16,28,6,7,-,-,-,-,-,-,-,-,06 臺中市,1 一般
1048,亞洲大學,P 進,B 學士,774,374,400,96,102,61,88,86,109,68,70,-,-,-,-,-,-,63,31,06 臺中市,1 一般
1049,開南大學,D 日,M 碩士,222,84,138,35,59,20,45,12,17,16,16,1,1,-,-,-,-,-,-,03 桃園市,1 一般
1049,開南大學,D 日,B 學士,"4,032","1,971","2,061",491,478,409,475,442,489,434,455,-,-,-,-,-,-,195,164,03 桃園市,1 一般
1049,開南大學,N 職,M 碩士,333,196,137,100,83,51,26,19,14,12,5,8,3,6,6,-,-,-,-,03 桃園市,1 一般
1049,開南大學,P 進,B 學士,"1,000",562,438,145,114,150,106,125,103,120,93,-,-,-,-,-,-,22,22,03 桃園市,1 一般
1050,佛光大學,D 日,D 博士,62,23,39,4,8,4,5,3,12,3,3,1,6,4,3,4,2,-,-,02 宜蘭縣,1 一般
1050,佛光大學,D 日,M 碩士,449,175,274,80,111,40,72,24,39,30,50,-,1,1,-,-,1,-,-,02 宜蘭縣,1 一般
1050,佛光大學,D 日,B 學士,"2,825","1,310","1,515",357,389,294,380,280,359,284,323,-,-,-,-,-,-,95,64,02 宜蘭縣,1 一般
1050,佛光大學,N 職,M 碩士,122,60,62,25,38,9,13,5,6,10,2,11,3,-,-,-,-,-,-,02 宜蘭縣,1 一般
1051,台南應用科技大學,D 日,M 碩士,96,34,62,11,23,13,15,5,19,5,5,-,-,-,-,-,-,-,-,11 臺南市,2 技職
1051,台南應用科技大學,D 日,B 四技,"7,914","2,379","5,535",542,"1,353",659,"1,430",547,"1,339",527,"1,318",-,-,-,-,-,-,104,95,11 臺南市,2 技職
1051,台南應用科技大學,D 日,C 二技,480,80,400,-,-,-,-,40,183,31,193,-,-,-,-,-,-,9,24,11 臺南市,2 技職
1051,台南應用科技大學,D 日,5 五專,"1,002",230,772,37,127,55,143,49,167,49,167,40,168,-,-,-,-,-,-,11 臺南市,2 技職
1051,台南應用科技大學,N 職,M 碩士,105,31,74,14,21,7,28,5,12,4,10,1,3,-,-,-,-,-,-,11 臺南市,2 技職
1051,台南應用科技大學,N 修,B 四技,"2,497",943,"1,554",263,422,240,404,222,362,164,317,-,-,-,-,-,-,54,49,11 臺南市,2 技職
1051,台南應用科技大學,N 修,C 二技,269,45,224,-,-,-,-,23,109,19,99,-,8,-,-,-,-,3,8,11 臺南市,2 技職
1052,遠東科技大學,D 日,M 碩士,274,154,120,74,77,58,34,14,7,8,2,-,-,-,-,-,-,-,-,11 臺南市,2 技職
1052,遠東科技大學,D 日,B 四技,"3,142","2,166",976,396,149,472,208,562,283,552,248,-,-,-,-,-,-,184,88,11 臺南市,2 技職
1052,遠東科技大學,N 職,M 碩士,43,42,1,13,1,12,-,10,-,4,-,1,-,2,-,-,-,-,-,11 臺南市,2 技職
1052,遠東科技大學,N 修,B 四技,621,471,150,101,29,116,31,111,41,105,40,-,-,-,-,-,-,38,9,11 臺南市,2 技職
1052,遠東科技大學,N 修,C 二技,381,268,113,-,-,-,-,100,57,161,54,-,-,-,-,-,-,7,2,11 臺南市,2 技職
1052,遠東科技大學,N 修,2 二專,263,160,103,79,44,76,58,-,-,-,-,-,-,-,-,-,-,5,1,11 臺南市,2 技職
1053,元培醫事科技大學,D 日,D 博士,1,1,-,1,-,-,-,-,-,-,-,-,-,-,-,-,-,-,-,18 新竹市,2 技職
1053,元培醫事科技大學,D 日,M 碩士,270,128,142,49,54,51,53,16,20,12,15,-,-,-,-,-,-,-,-,18 新竹市,2 技職
1053,元培醫事科技大學,D 日,B 四技,"3,673","1,641","2,032",331,467,419,538,386,526,349,416,-,-,-,-,-,-,156,85,18 新竹市,2 技職
1053,元培醫事科技大學,D 日,C 二技,100,5,95,-,-,-,-,3,48,2,47,-,-,-,-,-,-,-,-,18 新竹市,2 技職
1053,元培醫事科技大學,N 職,M 碩士,44,10,34,4,13,4,12,-,5,2,4,-,-,-,-,-,-,-,-,18 新竹市,2 技職
1053,元培醫事科技大學,N 修,B 四技,"1,570",828,742,242,225,244,183,191,180,116,131,-,-,-,-,-,-,35,23,18 新竹市,2 技職
1053,元培醫事科技大學,N 修,C 二技,521,106,415,-,-,-,-,40,90,60,322,-,-,-,-,-,-,6,3,18 新竹市,2 技職
1053,元培醫事科技大學,N 修,2 二專,7,4,3,-,-,-,-,-,-,-,-,-,-,-,-,-,-,4,3,18 新竹市,2 技職
1054,景文科技大學,D 日,M 碩士,41,28,13,9,5,11,4,6,4,2,-,-,-,-,-,-,-,-,-,01 新北市,2 技職
1054,景文科技大學,D 日,B 四技,"5,054","2,284","2,770",436,549,580,828,539,669,527,582,-,-,-,-,-,-,202,142,01 新北市,2 技職
1054,景文科技大學,D 日,C 二技,4,2,2,-,-,-,-,2,2,-,-,-,-,-,-,-,-,-,-,01 新北市,2 技職
1054,景文科技大學,N 職,M 碩士,45,27,18,6,4,12,12,6,-,3,2,-,-,-,-,-,-,-,-,01 新北市,2 技職
1054,景文科技大學,N 修,B 四技,"1,050",541,509,160,122,110,95,111,111,133,162,-,-,-,-,-,-,27,19,01 新北市,2 技職
1054,景文科技大學,N 修,C 二技,308,138,170,-,-,-,-,50,83,88,85,-,-,-,-,-,-,-,2,01 新北市,2 技職
1054,景文科技大學,N 修,2 二專,154,88,66,46,26,36,39,-,-,-,-,-,-,-,-,-,-,6,1,01 新北市,2 技職
1055,中華醫事科技大學,D 日,M 碩士,88,43,45,20,23,19,15,3,6,1,1,-,-,-,-,-,-,-,-,11 臺南市,2 技職
1055,中華醫事科技大學,D 日,B 四技,"3,296","1,248","2,048",223,393,241,511,382,597,332,500,-,-,-,-,-,-,70,47,11 臺南市,2 技職
1055,中華醫事科技大學,D 日,C 二技,770,196,574,-,-,-,-,107,316,87,254,-,-,-,-,-,-,2,4,11 臺南市,2 技職
1055,中華醫事科技大學,D 日,2 二專,39,19,20,-,-,18,20,-,-,-,-,-,-,-,-,-,-,1,-,11 臺南市,2 技職
1055,中華醫事科技大學,D 日,5 五專,"3,155",696,"2,459",159,549,143,496,144,473,124,492,115,410,-,-,-,-,11,39,11 臺南市,2 技職
1055,中華醫事科技大學,N 職,M 碩士,27,12,15,8,8,4,6,-,1,-,-,-,-,-,-,-,-,-,-,11 臺南市,2 技職
1055,中華醫事科技大學,N 修,B 四技,626,261,365,76,112,65,87,52,76,45,66,-,-,-,-,-,-,23,24,11 臺南市,2 技職
1055,中華醫事科技大學,N 修,C 二技,683,194,489,-,-,-,-,113,270,74,208,-,-,-,-,-,-,7,11,11 臺南市,2 技職
1055,中華醫事科技大學,N 修,2 二專,40,21,19,21,19,-,-,-,-,-,-,-,-,-,-,-,-,-,-,11 臺南市,2 技職
1056,東南科技大學,D 日,M 碩士,126,89,37,37,15,39,18,12,4,1,-,-,-,-,-,-,-,-,-,01 新北市,2 技職
1056,東南科技大學,D 日,B 四技,"4,392","2,904","1,488",616,352,760,383,756,374,605,293,-,-,-,-,-,-,167,86,01 新北市,2 技職
1056,東南科技大學,N 職,M 碩士,46,37,9,19,4,16,4,2,1,-,-,-,-,-,-,-,-,-,-,01 新北市,2 技職
1056,東南科技大學,N 修,B 四技,604,463,141,99,38,129,42,133,42,87,16,-,-,-,-,-,-,15,3,01 新北市,2 技職
1057,德明財經科技大學,D 日,M 碩士,32,16,16,2,6,6,4,5,6,3,-,-,-,-,-,-,-,-,-,30 臺北市,2 技職
1057,德明財經科技大學,D 日,B 四技,"6,598","2,788","3,810",622,812,712,"1,005",693,985,516,798,-,-,-,-,-,-,245,210,30 臺北市,2 技職
1057,德明財經科技大學,D 日,C 二技,112,27,85,-,-,-,-,9,43,18,39,-,-,-,-,-,-,-,3,30 臺北市,2 技職
1057,德明財經科技大學,N 職,M 碩士,39,21,18,7,5,4,8,2,-,3,5,4,-,1,-,-,-,-,-,30 臺北市,2 技職
1057,德明財經科技大學,N 修,B 四技,500,281,219,54,37,55,53,55,43,81,57,-,-,-,-,-,-,36,29,30 臺北市,2 技職
1057,德明財經科技大學,N 修,C 二技,103,48,55,-,-,-,-,27,27,21,28,-,-,-,-,-,-,-,-,30 臺北市,2 技職
1058,明道大學,D 日,D 博士,28,16,12,1,4,6,1,4,3,2,2,1,1,2,1,-,-,-,-,07 彰化縣,1 一般
1058,明道大學,D 日,M 碩士,148,79,69,39,25,20,19,13,14,7,11,-,-,-,-,-,-,-,-,07 彰化縣,1 一般
1058,明道大學,D 日,B 學士,"1,727","1,002",725,139,127,244,189,308,193,254,194,-,-,-,-,-,-,57,22,07 彰化縣,1 一般
1058,明道大學,N 職,M 碩士,66,32,34,23,15,7,15,1,1,1,3,-,-,-,-,-,-,-,-,07 彰化縣,1 一般
1058,明道大學,P 進,B 學士,556,371,185,77,23,72,41,95,57,114,59,-,-,-,-,-,-,13,5,07 彰化縣,1 一般
1060,南開科技大學,D 日,M 碩士,84,40,44,16,17,15,22,4,4,5,1,-,-,-,-,-,-,-,-,08 南投縣,2 技職
1060,南開科技大學,D 日,B 四技,"2,121","1,428",693,268,103,292,169,384,207,393,190,-,-,-,-,-,-,91,24,08 南投縣,2 技職
1060,南開科技大學,D 日,5 五專,545,455,90,64,7,64,16,87,20,104,19,121,26,-,-,-,-,15,2,08 南投縣,2 技職
1060,南開科技大學,N 職,M 碩士,73,29,44,12,19,13,20,2,2,2,3,-,-,-,-,-,-,-,-,08 南投縣,2 技職
1060,南開科技大學,N 修,B 四技,677,460,217,104,44,107,53,114,56,108,53,-,-,-,-,-,-,27,11,08 南投縣,2 技職
1060,南開科技大學,N 修,C 二技,161,78,83,-,-,-,-,35,53,41,30,-,-,-,-,-,-,2,-,08 南投縣,2 技職
1060,南開科技大學,N 修,2 二專,94,55,39,25,19,28,18,-,-,-,-,-,-,-,-,-,-,2,2,08 南投縣,2 技職
1061,中華科技大學,D 日,M 碩士,226,171,55,74,33,88,13,6,3,3,6,-,-,-,-,-,-,-,-,30 臺北市,2 技職
1061,中華科技大學,D 日,B 四技,"3,218","2,249",969,450,180,566,243,533,243,514,242,-,-,-,-,-,-,186,61,30 臺北市,2 技職
1061,中華科技大學,D 日,C 二技,35,6,29,-,-,-,-,3,24,3,5,-,-,-,-,-,-,-,-,30 臺北市,2 技職
1061,中華科技大學,N 職,M 碩士,126,107,19,62,9,40,8,2,1,3,-,-,1,-,-,-,-,-,-,30 臺北市,2 技職
1061,中華科技大學,N 修,B 四技,711,589,122,167,43,139,29,131,21,122,25,-,-,-,-,-,-,30,4,30 臺北市,2 技職
1061,中華科技大學,N 修,C 二技,301,160,141,-,-,-,-,100,96,57,44,-,-,-,-,-,-,3,1,30 臺北市,2 技職
1061,中華科技大學,N 修,2 二專,156,84,72,38,28,36,42,-,-,-,-,-,-,-,-,-,-,10,2,30 臺北市,2 技職
1062,僑光科技大學,D 日,M 碩士,45,21,24,6,9,13,12,2,3,-,-,-,-,-,-,-,-,-,-,19 臺中市,2 技職
1062,僑光科技大學,D 日,B 四技,"6,247","2,603","3,644",615,806,624,918,631,964,656,901,-,-,-,-,-,-,77,55,19 臺中市,2 技職
1062,僑光科技大學,N 職,M 碩士,20,12,8,-,-,10,6,1,2,1,-,-,-,-,-,-,-,-,-,19 臺中市,2 技職
1062,僑光科技大學,N 修,B 四技,"4,295","2,445","1,850",653,434,528,421,556,439,574,461,-,-,-,-,-,-,134,95,19 臺中市,2 技職
1062,僑光科技大學,N 修,X 4+X,3,-,3,-,-,-,-,-,3,-,-,-,-,-,-,-,-,-,-,19 臺中市,2 技職
1063,育達科技大學,D 日,M 碩士,153,78,75,34,28,17,12,16,16,11,19,-,-,-,-,-,-,-,-,05 苗栗縣,2 技職
1063,育達科技大學,D 日,B 四技,"1,710",856,854,143,163,224,159,227,283,174,204,-,-,-,-,-,-,88,45,05 苗栗縣,2 技職
1063,育達科技大學,N 職,M 碩士,220,139,81,54,37,56,29,20,12,9,3,-,-,-,-,-,-,-,-,05 苗栗縣,2 技職
1063,育達科技大學,N 修,B 四技,950,568,382,135,91,160,94,113,87,123,92,-,-,-,-,-,-,37,18,05 苗栗縣,2 技職
1063,育達科技大學,N 修,C 二技,929,285,644,-,-,-,-,166,329,112,290,-,-,-,-,-,-,7,25,05 苗栗縣,2 技職
1064,美和科技大學,D 日,M 碩士,116,45,71,24,35,17,23,3,11,1,2,-,-,-,-,-,-,-,-,13 屏東縣,2 技職
1064,美和科技大學,D 日,B 四技,"2,293",960,"1,333",169,238,245,335,242,348,269,381,-,-,-,-,-,-,35,31,13 屏東縣,2 技職
1064,美和科技大學,D 日,C 二技,287,33,254,-,-,-,-,13,98,19,153,-,-,-,-,-,-,1,3,13 屏東縣,2 技職
1064,美和科技大學,D 日,5 五專,"1,789",242,"1,547",39,297,58,287,41,292,38,300,59,317,-,-,-,-,7,54,13 屏東縣,2 技職
1064,美和科技大學,N 職,M 碩士,198,41,157,15,46,14,89,9,16,3,6,-,-,-,-,-,-,-,-,13 屏東縣,2 技職
1064,美和科技大學,N 修,B 四技,634,227,407,61,118,42,71,68,101,44,104,-,-,-,-,-,-,12,13,13 屏東縣,2 技職
1064,美和科技大學,N 修,C 二技,849,188,661,-,-,-,-,147,392,39,256,-,-,-,-,-,-,2,13,13 屏東縣,2 技職
1064,美和科技大學,N 修,2 二專,134,75,59,44,39,19,18,-,-,-,-,-,-,-,-,-,-,12,2,13 屏東縣,2 技職
1065,吳鳳科技大學,D 日,M 碩士,49,32,17,13,10,16,3,3,2,-,2,-,-,-,-,-,-,-,-,10 嘉義縣,2 技職
1065,吳鳳科技大學,D 日,B 四技,"3,179","2,178","1,001",432,252,613,275,582,233,456,207,-,-,-,-,-,-,95,34,10 嘉義縣,2 技職
1065,吳鳳科技大學,N 職,M 碩士,59,35,24,21,12,12,12,1,-,-,-,-,-,1,-,-,-,-,-,10 嘉義縣,2 技職
1065,吳鳳科技大學,N 修,B 四技,809,593,216,147,60,147,45,140,64,141,45,-,-,-,-,-,-,18,2,10 嘉義縣,2 技職
1065,吳鳳科技大學,N 修,C 二技,733,357,376,-,-,-,-,221,189,136,186,-,-,-,-,-,-,-,1,10 嘉義縣,2 技職
1065,吳鳳科技大學,N 修,2 二專,229,129,100,70,51,59,48,-,-,-,-,-,-,-,-,-,-,-,1,10 嘉義縣,2 技職
1066,環球科技大學,D 日,M 碩士,171,79,92,38,33,19,40,15,14,7,5,-,-,-,-,-,-,-,-,09 雲林縣,2 技職
1066,環球科技大學,D 日,B 四技,"2,241","1,076","1,165",179,211,256,304,262,295,291,277,-,-,-,-,-,-,88,78,09 雲林縣,2 技職
1066,環球科技大學,N 職,M 碩士,69,26,43,14,16,8,18,3,4,1,3,-,2,-,-,-,-,-,-,09 雲林縣,2 技職
1066,環球科技大學,N 修,B 四技,614,318,296,88,64,78,60,75,83,57,76,-,-,-,-,-,-,20,13,09 雲林縣,2 技職
1066,環球科技大學,N 修,C 二技,354,154,200,-,-,-,-,96,109,57,91,-,-,-,-,-,-,1,-,09 雲林縣,2 技職
1066,環球科技大學,N 修,2 二專,224,110,114,49,28,56,84,-,-,-,-,-,-,-,-,-,-,5,2,09 雲林縣,2 技職
1067,台灣首府大學,D 日,M 碩士,48,15,33,4,21,9,8,2,4,-,-,-,-,-,-,-,-,-,-,11 臺南市,1 一般
1067,台灣首府大學,D 日,B 學士,870,415,455,43,58,84,101,130,131,124,145,-,-,-,-,-,-,34,20,11 臺南市,1 一般
1067,台灣首府大學,P 進,B 學士,212,139,73,19,14,22,16,43,20,39,14,-,-,-,-,-,-,16,9,11 臺南市,1 一般
1068,中州科技大學,D 日,M 碩士,11,7,4,-,-,4,4,1,-,2,-,-,-,-,-,-,-,-,-,07 彰化縣,2 技職
1068,中州科技大學,D 日,B 四技,926,560,366,67,25,123,84,129,97,205,137,-,-,-,-,-,-,36,23,07 彰化縣,2 技職
1068,中州科技大學,N 職,M 碩士,21,12,9,-,-,8,8,4,1,-,-,-,-,-,-,-,-,-,-,07 彰化縣,2 技職
1068,中州科技大學,N 修,B 四技,792,567,225,162,53,85,39,131,51,176,74,-,-,-,-,-,-,13,8,07 彰化縣,2 技職
1068,中州科技大學,N 修,C 二技,808,214,594,-,-,-,-,131,325,82,266,-,-,-,-,-,-,1,3,07 彰化縣,2 技職
1068,中州科技大學,N 修,2 二專,110,15,95,9,41,6,50,-,-,-,-,-,-,-,-,-,-,-,4,07 彰化縣,2 技職
1069,修平科技大學,D 日,M 碩士,62,40,22,21,11,14,10,5,-,-,1,-,-,-,-,-,-,-,-,06 臺中市,2 技職
1069,修平科技大學,D 日,B 四技,"2,970","2,130",840,504,189,562,214,551,205,394,177,-,-,-,-,-,-,119,55,06 臺中市,2 技職
1069,修平科技大學,N 職,M 碩士,19,16,3,13,3,2,-,-,-,1,-,-,-,-,-,-,-,-,-,06 臺中市,2 技職
1069,修平科技大學,N 修,B 四技,"1,393","1,251",142,405,51,292,27,330,28,183,29,-,-,-,-,-,-,41,7,06 臺中市,2 技職
1069,修平科技大學,N 修,2 二專,25,15,10,-,-,10,10,-,-,-,-,-,-,-,-,-,-,5,-,06 臺中市,2 技職
1070,長庚科技大學,D 日,M 碩士,68,3,65,2,27,1,22,-,13,-,1,-,1,-,1,-,-,-,-,03 桃園市,2 技職
1070,長庚科技大學,D 日,B 四技,"3,498",450,"3,048",114,758,106,775,121,752,103,753,-,-,-,-,-,-,6,10,03 桃園市,2 技職
1070,長庚科技大學,D 日,C 二技,"1,458",105,"1,353",-,-,-,-,52,704,53,642,-,-,-,-,-,-,-,7,03 桃園市,2 技職
1070,長庚科技大學,D 日,5 五專,7,-,7,-,-,-,-,-,-,-,-,-,-,-,-,-,-,-,7,03 桃園市,2 技職
1070,長庚科技大學,N 職,M 碩士,123,2,121,-,41,1,39,1,25,-,10,-,5,-,1,-,-,-,-,03 桃園市,2 技職
1070,長庚科技大學,N 修,C 二技,"1,179",85,"1,094",-,-,-,-,42,587,42,489,-,10,-,-,-,-,1,8,03 桃園市,2 技職
1071,臺北城市科技大學,D 日,M 碩士,89,73,16,29,8,26,4,15,3,3,1,-,-,-,-,-,-,-,-,30 臺北市,2 技職
1071,臺北城市科技大學,D 日,B 四技,"7,012","4,372","2,640",982,568,"1,061",704,"1,038",634,937,548,-,-,-,-,-,-,354,186,30 臺北市,2 技職
1071,臺北城市科技大學,D 日,C 二技,3,2,1,-,-,-,-,1,-,1,1,-,-,-,-,-,-,-,-,30 臺北市,2 技職
1071,臺北城市科技大學,D 日,5 五專,"1,056",719,337,116,58,130,78,125,81,124,53,195,65,-,-,-,-,29,2,30 臺北市,2 技職
1071,臺北城市科技大學,N 修,B 四技,771,597,174,219,77,146,40,99,29,100,26,-,-,-,-,-,-,33,2,30 臺北市,2 技職
1071,臺北城市科技大學,N 修,C 二技,509,263,246,-,-,-,-,139,116,120,124,-,-,-,-,-,-,4,6,30 臺北市,2 技職
1071,臺北城市科技大學,N 修,2 二專,418,192,226,84,113,100,103,-,-,-,-,-,-,-,-,-,-,8,10,30 臺北市,2 技職
1072,敏實科技大學,D 日,M 碩士,2,2,-,-,-,-,-,1,-,1,-,-,-,-,-,-,-,-,-,04 新竹縣,2 技職
1072,敏實科技大學,D 日,B 四技,282,196,86,65,3,10,6,25,19,64,32,-,-,-,-,-,-,32,26,04 新竹縣,2 技職
1072,敏實科技大學,D 日,C 二技,12,7,5,-,-,-,-,-,-,6,3,-,-,-,-,-,-,1,2,04 新竹縣,2 技職
1072,敏實科技大學,D 日,5 五專,272,144,128,9,14,14,20,20,16,55,35,36,35,-,-,-,-,10,8,04 新竹縣,2 技職
1072,敏實科技大學,N 修,B 四技,145,80,65,22,11,8,6,25,17,17,24,-,-,-,-,-,-,8,7,04 新竹縣,2 技職
1072,敏實科技大學,N 修,C 二技,58,58,-,-,-,-,-,-,-,58,-,-,-,-,-,-,-,-,-,04 新竹縣,2 技職
1073,醒吾科技大學,D 日,M 碩士,57,25,32,8,16,11,10,6,6,-,-,-,-,-,-,-,-,-,-,01 新北市,2 技職
1073,醒吾科技大學,D 日,B 四技,"5,601","2,503","3,098",600,734,590,746,628,778,587,762,-,-,-,-,-,-,98,78,01 新北市,2 技職
1073,醒吾科技大學,D 日,C 二技,42,10,32,-,-,-,-,-,-,6,16,-,-,-,-,-,-,4,16,01 新北市,2 技職
1073,醒吾科技大學,D 日,5 五專,498,186,312,14,28,30,39,33,73,45,70,60,98,-,-,-,-,4,4,01 新北市,2 技職
1073,醒吾科技大學,N 職,M 碩士,96,58,38,27,15,11,12,13,7,3,4,4,-,-,-,-,-,-,-,01 新北市,2 技職
1073,醒吾科技大學,N 修,B 四技,927,409,518,160,115,67,77,78,174,74,128,-,-,-,-,-,-,30,24,01 新北市,2 技職
1073,醒吾科技大學,N 修,C 二技,504,208,296,-,-,-,-,99,141,90,136,-,-,-,-,-,-,19,19,01 新北市,2 技職
1073,醒吾科技大學,N 修,2 二專,218,100,118,48,61,41,50,-,-,-,-,-,-,-,-,-,-,11,7,01 新北市,2 技職
1075,文藻外語大學,D 日,M 碩士,197,50,147,18,53,15,35,6,38,11,21,-,-,-,-,-,-,-,-,50 高雄市,2 技職
1075,文藻外語大學,D 日,B 四技,"5,011","1,379","3,632",341,762,324,873,349,850,265,932,-,-,-,-,-,-,100,215,50 高雄市,2 技職
1075,文藻外語大學,D 日,C 二技,293,45,248,-,-,-,-,21,83,18,125,-,-,-,-,-,-,6,40,50 高雄市,2 技職
1075,文藻外語大學,D 日,5 五專,"1,607",269,"1,338",65,301,60,302,53,246,43,241,42,220,-,-,-,-,6,28,50 高雄市,2 技職
1075,文藻外語大學,N 職,M 碩士,50,12,38,5,12,2,9,2,8,-,6,3,3,-,-,-,-,-,-,50 高雄市,2 技職
1075,文藻外語大學,N 修,B 四技,"1,685",605,"1,080",163,243,153,257,142,226,93,194,-,-,-,-,-,-,54,160,50 高雄市,2 技職
1075,文藻外語大學,N 修,C 二技,169,43,126,-,-,-,-,26,60,14,51,-,-,-,-,-,-,3,15,50 高雄市,2 技職
1076,華夏科技大學,D 日,M 碩士,37,31,6,6,4,13,2,6,-,6,-,-,-,-,-,-,-,-,-,01 新北市,2 技職
1076,華夏科技大學,D 日,B 四技,"1,476",920,556,191,85,217,164,196,138,237,136,-,-,-,-,-,-,79,33,01 新北市,2 技職
1076,華夏科技大學,D 日,C 二技,75,66,9,-,-,-,-,29,6,35,2,-,-,-,-,-,-,2,1,01 新北市,2 技職
1076,華夏科技大學,D 日,5 五專,601,508,93,114,28,81,20,107,28,84,11,118,6,-,-,-,-,4,-,01 新北市,2 技職
1076,華夏科技大學,N 職,M 碩士,70,48,22,18,9,18,10,12,3,-,-,-,-,-,-,-,-,-,-,01 新北市,2 技職
1076,華夏科技大學,N 修,B 四技,870,472,398,125,73,116,125,93,86,110,100,-,-,-,-,-,-,28,14,01 新北市,2 技職
1076,華夏科技大學,N 修,C 二技,708,402,306,-,-,-,-,198,162,196,138,-,-,-,-,-,-,8,6,01 新北市,2 技職
1076,華夏科技大學,N 修,2 二專,206,96,110,47,51,40,53,-,-,-,-,-,-,-,-,-,-,9,6,01 新北市,2 技職
1077,慈濟科技大學,D 日,M 碩士,41,16,25,5,14,8,9,2,2,1,-,-,-,-,-,-,-,-,-,15 花蓮縣,2 技職
1077,慈濟科技大學,D 日,B 四技,"1,280",499,781,117,188,128,204,108,191,108,176,-,-,-,-,-,-,38,22,15 花蓮縣,2 技職
1077,慈濟科技大學,D 日,C 二技,276,28,248,-,-,-,-,12,123,16,124,-,-,-,-,-,-,-,1,15 花蓮縣,2 技職
1077,慈濟科技大學,D 日,2 二專,32,12,20,4,10,8,10,-,-,-,-,-,-,-,-,-,-,-,-,15 花蓮縣,2 技職
1077,慈濟科技大學,D 日,5 五專,"1,362",194,"1,168",48,262,38,237,41,211,38,206,27,221,-,-,-,-,2,31,15 花蓮縣,2 技職
1077,慈濟科技大學,N 修,C 二技,172,10,162,-,-,-,-,7,92,2,68,-,-,-,-,-,-,1,2,15 花蓮縣,2 技職
1078,致理科技大學,D 日,M 碩士,50,9,41,3,17,3,14,2,4,1,5,-,1,-,-,-,-,-,-,01 新北市,2 技職
1078,致理科技大學,D 日,B 四技,"6,384","2,094","4,290",568,"1,032",464,"1,076",469,"1,048",455,973,-,-,-,-,-,-,138,161,01 新北市,2 技職
1078,致理科技大學,D 日,C 二技,223,48,175,-,-,-,-,20,89,28,82,-,-,-,-,-,-,-,4,01 新北市,2 技職
1078,致理科技大學,D 日,5 五專,"1,580",334,"1,246",69,266,78,243,78,244,46,244,58,229,-,-,-,-,5,20,01 新北市,2 技職
1078,致理科技大學,N 職,M 碩士,44,14,30,4,9,4,11,4,5,1,-,1,5,-,-,-,-,-,-,01 新北市,2 技職
1078,致理科技大學,N 修,B 四技,"3,288","1,336","1,952",347,483,314,440,328,449,242,448,-,-,-,-,-,-,105,132,01 新北市,2 技職
1078,致理科技大學,N 修,C 二技,6,4,2,-,-,-,-,-,-,-,-,-,-,-,-,-,-,4,2,01 新北市,2 技職
1079,康寧大學,D 日,M 碩士,24,9,15,-,-,2,5,3,4,3,6,1,-,-,-,-,-,-,-,30 臺北市,1 一般
1079,康寧大學,D 日,B 學士,269,79,190,13,46,12,39,8,50,36,45,-,-,-,-,-,-,10,10,30 臺北市,1 一般
1079,康寧大學,D 日,2 二專,1,-,1,-,-,-,-,-,-,-,-,-,-,-,-,-,-,-,1,30 臺北市,2 技職
1079,康寧大學,D 日,5 五專,"2,783",679,"2,104",148,446,145,388,117,419,130,387,125,416,-,-,-,-,14,48,30 臺北市,2 技職
1079,康寧大學,N 職,M 碩士,26,7,19,-,-,-,1,4,8,2,8,1,2,-,-,-,-,-,-,30 臺北市,1 一般
1079,康寧大學,N 修,C 二技,153,11,142,-,-,-,-,6,93,5,49,-,-,-,-,-,-,-,-,30 臺北市,2 技職
1079,康寧大學,N 修,2 二專,178,47,131,24,69,23,59,-,-,-,-,-,-,-,-,-,-,-,3,30 臺北市,2 技職
1079,康寧大學,P 進,B 學士,31,23,8,-,-,-,2,1,1,18,4,-,-,-,-,-,-,4,1,30 臺北市,1 一般
1080,宏國德霖科技大學,D 日,M 碩士,13,7,6,7,6,-,-,-,-,-,-,-,-,-,-,-,-,-,-,01 新北市,2 技職
1080,宏國德霖科技大學,D 日,B 四技,"2,063","1,256",807,256,172,307,217,323,204,283,189,-,-,-,-,-,-,87,25,01 新北市,2 技職
1080,宏國德霖科技大學,D 日,C 二技,73,24,49,-,-,-,-,16,19,8,29,-,-,-,-,-,-,-,1,01 新北市,2 技職
1080,宏國德霖科技大學,D 日,5 五專,"1,158",701,457,152,98,125,84,129,96,121,79,167,91,-,-,-,-,7,9,01 新北市,2 技職
1080,宏國德霖科技大學,N 修,B 四技,"1,219",764,455,207,118,195,115,218,117,72,80,-,-,-,-,-,-,72,25,01 新北市,2 技職
1080,宏國德霖科技大學,N 修,C 二技,787,453,334,-,-,-,-,209,175,228,153,-,-,-,-,-,-,16,6,01 新北市,2 技職
1080,宏國德霖科技大學,N 修,2 二專,57,21,36,6,19,13,17,-,-,-,-,-,-,-,-,-,-,2,-,01 新北市,2 技職
1081,東方設計大學,D 日,D 博士,32,15,17,3,2,1,5,5,2,4,4,1,4,1,-,-,-,-,-,12 高雄市,2 技職
1081,東方設計大學,D 日,M 碩士,80,29,51,14,28,6,10,4,9,5,4,-,-,-,-,-,-,-,-,12 高雄市,2 技職
1081,東方設計大學,D 日,B 四技,687,407,280,52,35,39,37,103,82,180,105,-,-,-,-,-,-,33,21,12 高雄市,2 技職
1081,東方設計大學,D 日,C 二技,39,19,20,-,-,-,-,4,8,11,11,-,-,-,-,-,-,4,1,12 高雄市,2 技職
1081,東方設計大學,D 日,5 五專,715,311,404,19,49,56,50,52,67,85,109,92,121,-,-,-,-,7,8,12 高雄市,2 技職
1081,東方設計大學,N 職,M 碩士,46,22,24,15,18,5,6,1,-,1,-,-,-,-,-,-,-,-,-,12 高雄市,2 技職
1081,東方設計大學,N 修,B 四技,85,47,38,9,7,6,2,21,3,10,24,-,-,-,-,-,-,1,2,12 高雄市,2 技職
1081,東方設計大學,N 修,C 二技,256,138,118,-,-,-,-,71,58,59,58,-,-,-,-,-,-,8,2,12 高雄市,2 技職
1081,東方設計大學,N 修,2 二專,132,68,64,40,23,28,41,-,-,-,-,-,-,-,-,-,-,-,-,12 高雄市,2 技職
1082,崇右影藝科技大學,D 日,M 碩士,80,45,35,26,14,16,15,2,6,1,-,-,-,-,-,-,-,-,-,17 基隆市,2 技職
1082,崇右影藝科技大學,D 日,B 四技,"1,650",725,925,120,190,144,220,223,221,151,240,-,-,-,-,-,-,87,54,17 基隆市,2 技職
1082,崇右影藝科技大學,D 日,5 五專,36,19,17,-,-,-,-,-,-,-,-,18,15,-,-,-,-,1,2,17 基隆市,2 技職
1082,崇右影藝科技大學,N 修,C 二技,510,250,260,-,-,-,-,78,58,168,200,-,-,-,-,-,-,4,2,17 基隆市,2 技職
1082,崇右影藝科技大學,N 修,2 二專,333,195,138,73,60,114,74,-,-,-,-,-,-,-,-,-,-,8,4,17 基隆市,2 技職
1083,台北海洋科技大學,D 日,M 碩士,147,82,65,39,28,31,27,10,8,2,2,-,-,-,-,-,-,-,-,01 新北市,2 技職
1083,台北海洋科技大學,D 日,B 四技,"2,251","1,261",990,260,228,300,252,297,228,278,226,-,-,-,-,-,-,126,56,01 新北市,2 技職
1083,台北海洋科技大學,D 日,C 二技,216,143,73,-,-,-,-,48,32,84,35,-,-,-,-,-,-,11,6,01 新北市,2 技職
1083,台北海洋科技大學,D 日,2 二專,51,50,1,27,1,15,-,-,-,-,-,-,-,-,-,-,-,8,-,01 新北市,2 技職
1083,台北海洋科技大學,D 日,5 五專,846,522,324,96,57,107,64,84,69,97,45,105,76,-,-,-,-,33,13,01 新北市,2 技職
1083,台北海洋科技大學,N 修,B 四技,205,92,113,39,57,20,20,24,18,6,15,-,-,-,-,-,-,3,3,01 新北市,2 技職
1083,台北海洋科技大學,N 修,C 二技,356,136,220,-,-,-,-,96,138,38,81,-,-,-,-,-,-,2,1,01 新北市,2 技職
1083,台北海洋科技大學,N 修,2 二專,120,94,26,27,10,63,15,-,-,-,-,-,-,-,-,-,-,4,1,01 新北市,2 技職
1125,中信金融管理學院,D 日,M 碩士,102,47,55,27,37,13,15,7,3,-,-,-,-,-,-,-,-,-,-,21 臺南市,1 一般
1125,中信金融管理學院,D 日,B 學士,694,392,302,134,96,110,69,88,66,52,68,-,-,-,-,-,-,8,3,21 臺南市,1 一般
1125,中信金融管理學院,N 職,M 碩士,29,21,8,21,8,-,-,-,-,-,-,-,-,-,-,-,-,-,-,21 臺南市,1 一般
1148,大漢技術學院,D 日,M 碩士,81,53,28,23,16,18,12,12,-,-,-,-,-,-,-,-,-,-,-,15 花蓮縣,2 技職
1148,大漢技術學院,D 日,B 四技,255,152,103,30,18,35,25,36,33,43,27,-,-,-,-,-,-,8,-,15 花蓮縣,2 技職
1148,大漢技術學院,N 修,B 四技,295,188,107,78,39,37,26,38,20,29,20,-,-,-,-,-,-,6,2,15 花蓮縣,2 技職
1148,大漢技術學院,N 修,C 二技,239,139,100,-,-,-,-,69,59,63,39,-,-,-,-,-,-,7,2,15 花蓮縣,2 技職
1148,大漢技術學院,N 修,2 二專,129,73,56,35,24,37,31,-,-,-,-,-,-,-,-,-,-,1,1,15 花蓮縣,2 技職
1159,和春技術學院,D 日,M 碩士,3,2,1,-,-,-,-,-,-,2,1,-,-,-,-,-,-,-,-,12 高雄市,2 技職
1159,和春技術學院,D 日,B 四技,149,117,32,16,3,21,5,33,7,30,10,-,-,-,-,-,-,17,7,12 高雄市,2 技職
1159,和春技術學院,D 日,C 二技,4,4,-,-,-,-,-,-,-,4,-,-,-,-,-,-,-,-,-,12 高雄市,2 技職
1159,和春技術學院,D 日,5 五專,80,47,33,-,-,3,-,4,4,11,14,25,15,-,-,-,-,4,-,12 高雄市,2 技職
1159,和春技術學院,N 修,B 四技,73,57,16,9,-,9,4,11,3,17,6,-,-,-,-,-,-,11,3,12 高雄市,2 技職
1159,和春技術學院,N 修,C 二技,239,158,81,-,-,-,-,64,29,87,51,-,-,-,-,-,-,7,1,12 高雄市,2 技職
1159,和春技術學院,N 修,2 二專,140,108,32,37,8,61,21,-,-,-,-,-,-,-,-,-,-,10,3,12 高雄市,2 技職
1166,亞東技術學院,D 日,M 碩士,50,42,8,15,2,16,2,8,3,3,1,-,-,-,-,-,-,-,-,01 新北市,2 技職
1166,亞東技術學院,D 日,B 四技,"4,018","2,904","1,114",678,267,722,289,736,259,646,276,-,-,-,-,-,-,122,23,01 新北市,2 技職
1166,亞東技術學院,D 日,C 二技,178,12,166,-,-,-,-,4,85,8,81,-,-,-,-,-,-,-,-,01 新北市,2 技職
1166,亞東技術學院,N 修,C 二技,142,1,141,-,-,-,-,-,51,1,46,-,44,-,-,-,-,-,-,01 新北市,2 技職
1168,南亞技術學院,D 日,M 碩士,13,11,2,2,1,5,1,4,-,-,-,-,-,-,-,-,-,-,-,03 桃園市,2 技職
1168,南亞技術學院,D 日,B 四技,"1,312",831,481,221,107,240,110,182,119,142,114,-,-,-,-,-,-,46,31,03 桃園市,2 技職
1168,南亞技術學院,D 日,5 五專,263,151,112,18,12,26,15,30,24,32,18,38,40,-,-,-,-,7,3,03 桃園市,2 技職
1168,南亞技術學院,N 修,B 四技,522,340,182,49,51,85,33,80,45,83,45,-,-,-,-,-,-,43,8,03 桃園市,2 技職
1168,南亞技術學院,N 修,C 二技,"1,193",539,654,-,-,-,-,277,322,256,328,-,-,-,-,-,-,6,4,03 桃園市,2 技職
1168,南亞技術學院,N 修,2 二專,60,44,16,20,8,17,4,-,-,-,-,-,-,-,-,-,-,7,4,03 桃園市,2 技職
1176,稻江科技暨管理學院,D 日,M 碩士,21,7,14,-,-,3,13,-,-,-,-,3,-,1,1,-,-,-,-,10 嘉義縣,1 一般
1176,稻江科技暨管理學院,D 日,B 學士,122,70,52,-,-,1,-,18,23,49,28,-,-,-,-,-,-,2,1,10 嘉義縣,1 一般
1176,稻江科技暨管理學院,N 職,M 碩士,11,9,2,-,-,8,2,-,-,1,-,-,-,-,-,-,-,-,-,10 嘉義縣,1 一般
1176,稻江科技暨管理學院,N 修,C 二技,24,7,17,-,-,-,-,-,-,7,17,-,-,-,-,-,-,-,-,10 嘉義縣,2 技職
1176,稻江科技暨管理學院,P 進,B 學士,98,35,63,-,-,12,11,5,8,18,39,-,-,-,-,-,-,-,5,10 嘉義縣,1 一般
1182,蘭陽技術學院,D 日,B 四技,226,124,102,13,14,14,6,54,41,37,32,-,-,-,-,-,-,6,9,02 宜蘭縣,2 技職
1182,蘭陽技術學院,D 日,5 五專,216,126,90,7,9,10,8,29,21,26,19,45,26,-,-,-,-,9,7,02 宜蘭縣,2 技職
1182,蘭陽技術學院,N 修,C 二技,66,35,31,-,-,-,-,35,31,-,-,-,-,-,-,-,-,-,-,02 宜蘭縣,2 技職
1182,蘭陽技術學院,N 修,2 二專,5,1,4,-,-,-,-,-,-,-,-,-,-,-,-,-,-,1,4,02 宜蘭縣,2 技職
1183,黎明技術學院,D 日,B 四技,"3,498","1,879","1,619",384,408,456,446,559,408,396,321,-,-,-,-,-,-,84,36,01 新北市,2 技職
1183,黎明技術學院,D 日,5 五專,423,352,71,63,16,50,10,71,11,73,13,79,19,-,-,-,-,16,2,01 新北市,2 技職
1183,黎明技術學院,N 修,B 四技,"1,197",741,456,266,183,189,99,142,108,135,60,-,-,-,-,-,-,9,6,01 新北市,2 技職
1183,黎明技術學院,N 修,C 二技,73,7,66,-,-,-,-,6,28,-,35,-,-,-,-,-,-,1,3,01 新北市,2 技職
1185,經國管理暨健康學院,D 日,M 碩士,44,4,40,2,19,2,19,-,2,-,-,-,-,-,-,-,-,-,-,17 基隆市,2 技職
1185,經國管理暨健康學院,D 日,B 四技,"1,880",708,"1,172",122,201,194,337,181,292,151,262,-,-,-,-,-,-,60,80,17 基隆市,2 技職
1185,經國管理暨健康學院,D 日,C 二技,162,24,138,-,-,-,-,14,77,9,57,-,-,-,-,-,-,1,4,17 基隆市,2 技職
1185,經國管理暨健康學院,D 日,5 五專,"1,064",301,763,49,147,72,134,65,146,42,134,61,147,-,-,-,-,12,55,17 基隆市,2 技職
1185,經國管理暨健康學院,N 職,M 碩士,43,5,38,2,18,3,15,-,1,-,4,-,-,-,-,-,-,-,-,17 基隆市,2 技職
1185,經國管理暨健康學院,N 修,B 四技,37,11,26,-,-,-,-,-,-,5,19,-,-,-,-,-,-,6,7,17 基隆市,2 技職
1185,經國管理暨健康學院,N 修,C 二技,776,138,638,-,-,-,-,68,309,54,309,-,-,-,-,-,-,16,20,17 基隆市,2 技職
1185,經國管理暨健康學院,N 修,2 二專,215,43,172,27,86,9,82,-,-,-,-,-,-,-,-,-,-,7,4,17 基隆市,2 技職
1188,大同技術學院,D 日,B 四技,545,244,301,35,29,29,47,88,92,68,112,-,-,-,-,-,-,24,21,20 嘉義市,2 技職
1188,大同技術學院,D 日,5 五專,89,48,41,4,5,7,5,7,10,11,8,18,12,-,-,-,-,1,1,20 嘉義市,2 技職
1188,大同技術學院,N 修,B 四技,196,71,125,26,37,16,31,19,26,8,25,-,-,-,-,-,-,2,6,20 嘉義市,2 技職
1188,大同技術學院,N 修,C 二技,245,62,183,-,-,-,-,43,87,13,82,-,-,-,-,-,-,6,14,20 嘉義市,2 技職
1188,大同技術學院,N 修,2 二專,62,27,35,14,14,12,19,-,-,-,-,-,-,-,-,-,-,1,2,20 嘉義市,2 技職
1192,臺灣觀光學院,D 日,M 碩士,16,9,7,6,3,3,3,-,-,-,1,-,-,-,-,-,-,-,-,15 花蓮縣,2 技職
1192,臺灣觀光學院,D 日,B 四技,93,52,41,4,3,11,9,11,12,14,11,-,-,-,-,-,-,12,6,15 花蓮縣,2 技職
1192,臺灣觀光學院,D 日,5 五專,55,23,32,-,3,5,2,1,2,3,9,13,14,-,-,-,-,1,2,15 花蓮縣,2 技職
1192,臺灣觀光學院,N 修,B 四技,37,12,25,1,5,6,3,1,10,4,7,-,-,-,-,-,-,-,-,15 花蓮縣,2 技職
1192,臺灣觀光學院,N 修,C 二技,33,14,19,-,-,-,-,9,10,5,8,-,-,-,-,-,-,-,1,15 花蓮縣,2 技職
1192,臺灣觀光學院,N 修,2 二專,34,15,19,7,9,8,10,-,-,-,-,-,-,-,-,-,-,-,-,15 花蓮縣,2 技職
1195,馬偕醫學院,D 日,D 博士,5,5,-,3,-,2,-,-,-,-,-,-,-,-,-,-,-,-,-,01 新北市,1 一般
1195,馬偕醫學院,D 日,M 碩士,66,19,47,9,24,3,8,4,9,3,6,-,-,-,-,-,-,-,-,01 新北市,1 一般
1195,馬偕醫學院,D 日,B 學士,691,247,444,59,95,42,118,47,111,38,75,24,17,29,20,1,-,7,8,01 新北市,1 一般
1195,馬偕醫學院,N 職,M 碩士,15,4,11,4,11,-,-,-,-,-,-,-,-,-,-,-,-,-,-,01 新北市,1 一般
1195,馬偕醫學院,N 修,C 二技,39,2,37,-,-,-,-,2,37,-,-,-,-,-,-,-,-,-,-,01 新北市,2 技職
1196,法鼓文理學院,D 日,D 博士,20,9,11,3,1,1,1,3,1,-,3,-,-,1,4,1,1,-,-,01 新北市,1 一般
1196,法鼓文理學院,D 日,M 碩士,231,68,163,20,44,19,40,10,39,19,40,-,-,-,-,-,-,-,-,01 新北市,1 一般
1196,法鼓文理學院,D 日,B 學士,51,19,32,6,3,4,12,5,10,3,7,-,-,-,-,-,-,1,-,01 新北市,1 一般
1282,馬偕醫護管理專科學校,D 日,2 二專,32,5,27,-,-,3,25,-,-,-,-,-,-,-,-,-,-,2,2,30 臺北市,2 技職
1282,馬偕醫護管理專科學校,D 日,5 五專,"3,852",480,"3,372",117,711,95,656,81,643,88,637,84,645,-,-,-,-,15,80,30 臺北市,2 技職
1282,馬偕醫護管理專科學校,N 修,2 二專,222,103,119,57,62,37,53,-,-,-,-,-,-,-,-,-,-,9,4,30 臺北市,2 技職
1283,仁德醫護管理專科學校,D 日,5 五專,"6,117","1,358","4,759",318,973,267,911,239,903,223,890,217,865,-,-,-,-,94,217,05 苗栗縣,2 技職
1283,仁德醫護管理專科學校,N 修,2 二專,398,188,210,121,141,63,68,-,-,-,-,-,-,-,-,-,-,4,1,05 苗栗縣,2 技職
1284,樹人醫護管理專科學校,D 日,5 五專,"6,727","1,478","5,249",285,"1,195",322,"1,064",299,"1,029",255,904,245,895,-,-,-,-,72,162,12 高雄市,2 技職
1284,樹人醫護管理專科學校,N 修,2 二專,552,307,245,130,105,117,106,28,16,29,18,-,-,-,-,-,-,3,-,12 高雄市,2 技職
1285,慈惠醫護管理專科學校,D 日,2 二專,97,30,67,11,29,14,34,-,-,-,-,-,-,-,-,-,-,5,4,13 屏東縣,2 技職
1285,慈惠醫護管理專科學校,D 日,5 五專,"3,614",781,"2,833",108,422,142,492,158,529,137,533,162,679,-,-,-,-,74,178,13 屏東縣,2 技職
1285,慈惠醫護管理專科學校,N 修,2 二專,266,100,166,46,81,33,57,9,11,5,3,-,-,-,-,-,-,7,14,13 屏東縣,2 技職
1286,耕莘健康管理專科學校,D 日,5 五專,"4,574",442,"4,132",83,728,71,739,91,798,85,839,78,839,-,-,-,-,34,189,01 新北市,2 技職
1286,耕莘健康管理專科學校,N 修,2 二專,124,4,120,3,58,1,59,-,-,-,-,-,-,-,-,-,-,-,3,01 新北市,2 技職
1287,敏惠醫護管理專科學校,D 日,5 五專,"3,903",495,"3,408",117,691,100,668,93,679,72,649,94,627,-,-,-,-,19,94,11 臺南市,2 技職
1287,敏惠醫護管理專科學校,N 修,2 二專,33,7,26,7,26,-,-,-,-,-,-,-,-,-,-,-,-,-,-,11 臺南市,2 技職
1289,育英醫護管理專科學校,D 日,5 五專,"1,991",224,"1,767",42,364,51,317,39,347,43,354,36,337,-,-,-,-,13,48,50 高雄市,2 技職
1291,聖母醫護管理專科學校,D 日,2 二專,39,25,14,8,10,17,4,-,-,-,-,-,-,-,-,-,-,-,-,02 宜蘭縣,2 技職
1291,聖母醫護管理專科學校,D 日,5 五專,"2,150",406,"1,744",58,279,66,302,73,304,73,390,122,432,-,-,-,-,14,37,02 宜蘭縣,2 技職
1291,聖母醫護管理專科學校,N 修,2 二專,38,18,20,11,11,7,9,-,-,-,-,-,-,-,-,-,-,-,-,02 宜蘭縣,2 技職
1292,新生醫護管理專科學校,D 日,5 五專,"6,004",763,"5,241",174,"1,109",147,"1,034",130,"1,006",139,963,138,983,-,-,-,-,35,146,03 桃園市,2 技職
1292,新生醫護管理專科學校,N 修,2 二專,60,9,51,7,31,2,20,-,-,-,-,-,-,-,-,-,-,-,-,03 桃園市,2 技職
1293,崇仁醫護管理專科學校,D 日,5 五專,"3,293",425,"2,868",95,551,75,582,78,535,86,577,74,578,-,-,-,-,17,45,10 嘉義縣,2 技職
3002,臺北市立大學,D 日,D 博士,225,99,126,15,22,14,15,14,15,12,9,15,14,11,14,18,37,-,-,30 臺北市,1 一般
3002,臺北市立大學,D 日,M 碩士,"1,288",457,831,151,261,146,214,71,147,48,149,26,26,15,34,-,-,-,-,30 臺北市,1 一般
3002,臺北市立大學,D 日,B 學士,"5,351","2,355","2,996",578,728,531,719,527,713,505,679,-,-,-,-,-,-,214,157,30 臺北市,1 一般
3002,臺北市立大學,N 職,M 碩士,"1,122",313,809,104,273,104,261,47,115,25,84,20,41,13,35,-,-,-,-,30 臺北市,1 一般
